date,temperature,rainfall,humidity
2010-01-01,25.02446185336714,66.54729183296908,67.51115028771461
2010-01-02,23.499810257888665,73.92198417436235,69.94123892982114
2010-01-03,24.527350785485677,66.56354571048774,69.81758999943175
2010-01-04,25.05975858313351,69.01144171416584,69.84097208270934
2010-01-05,25.051514179455257,69.95621324030067,68.05567813721345
2010-01-06,23.344249610469824,68.85304542935404,68.74907969704087
2010-01-07,26.56097295405661,71.81951617471154,69.67710281972299
2010-01-08,28.235868341523005,79.22794941154393,64.52613426732931
2010-01-09,26.08736277413266,66.97566838811251,66.59369640038467
2010-01-10,25.109125238550256,68.026668798914,65.26597956935476
2010-01-11,25.609740762276182,72.09330863088324,65.28142063802241
2010-01-12,25.39095465740852,76.09071191749248,67.91282441874772
2010-01-13,26.439966646320645,67.5913178255339,67.33375722650189
2010-01-14,27.126599297600887,75.79171916680203,68.44741952860056
2010-01-15,25.18864393595377,72.30494726085419,67.42453646641827
2010-01-16,25.551564658608733,69.70480094943976,68.62621935400661
2010-01-17,25.519770578309178,60.34453312889204,72.76831312042773
2010-01-18,27.77678723986681,72.24476614766624,70.83472258004524
2010-01-19,27.477273717308776,70.01599766710333,68.39094412570263
2010-01-20,26.69217777872151,65.29685952938672,69.50786437743008
2010-01-21,26.723489569968876,78.08563687768375,69.48242332370232
2010-01-22,29.083313228697453,72.90776221960012,63.98391885824327
2010-01-23,26.951043293170716,86.67812420444378,67.46344822891403
2010-01-24,26.138179363388048,67.00199190340533,70.34174859802565
2010-01-25,27.843969002740845,65.36950990424502,67.40122616089239
2010-01-26,26.9193445321226,70.07792809339655,68.08470808690879
2010-01-27,27.770161353440844,79.30081281643353,68.54660136307105
2010-01-28,26.81032851365255,65.97894793151214,67.11916358658289
2010-01-29,26.98559104236791,64.39792025420185,69.05253416579859
2010-01-30,28.50738303479582,68.37638401374392,65.09054170537256
2010-01-31,27.723693510607674,64.56457747323262,69.76731494245023
2010-02-01,27.192551725657598,65.64262902273444,66.99796070815779
2010-02-02,26.77417721976415,60.77308057177866,64.1789107941165
2010-02-03,29.168928135426945,73.63124580246438,68.92100588885341
2010-02-04,28.129130683343917,73.17697485308918,64.16603073650506
2010-02-05,27.10146793928634,73.69725359971609,70.16978840169966
2010-02-06,28.118919477259347,77.81653343501101,63.63730214250427
2010-02-07,28.917092501787277,66.46297323641686,66.70684271649854
2010-02-08,28.297454548518388,72.19754004179933,65.69857316310761
2010-02-09,28.074982565819564,64.36527695560787,66.84229998791335
2010-02-10,26.733449285162656,58.93275848997131,65.76741535473364
2010-02-11,28.32533883874754,63.83818992364167,73.08880967498771
2010-02-12,28.288238334645857,70.43421453048354,69.0120309670549
2010-02-13,28.682474129486817,70.22078850841609,65.93448110773248
2010-02-14,29.746132428224502,72.01397424937483,65.00004993130062
2010-02-15,30.059756673528273,69.7941287901833,67.8885947125978
2010-02-16,28.80230692193294,67.62205437724877,68.81589391340597
2010-02-17,28.933791521473484,53.02508159537821,66.96024530031515
2010-02-18,29.828000216571493,69.13176554430248,67.24480099277388
2010-02-19,27.40591661477371,58.919594917428014,67.37646430794123
2010-02-20,29.91008355105224,63.9303805015016,66.52975739056026
2010-02-21,31.38997714261344,58.00474817075981,65.99825637225544
2010-02-22,30.41121567116847,70.24499934581247,66.26258006818227
2010-02-23,30.669361869446924,62.4810910974379,65.89029636202577
2010-02-24,29.286320687567514,69.44013436956891,67.42227266665262
2010-02-25,29.84793855673621,68.73033049341606,63.97288436700522
2010-02-26,29.849953235642115,61.11384379546169,66.22499037382975
2010-02-27,30.902329893794125,75.04843229864565,67.65372470386073
2010-02-28,32.92546104973679,68.4479889495979,65.45591160810989
2010-03-01,30.100049598507702,66.80010083319833,66.11980724743358
2010-03-02,30.149397488848265,68.31112014368361,64.93268952202216
2010-03-03,28.99799856904228,68.01111121331186,63.625892408360016
2010-03-04,30.97964302294182,67.5462184218878,67.36353966536656
2010-03-05,29.362488315966278,75.14366012409022,66.94365849699581
2010-03-06,31.13273329243024,64.13166222138648,66.93327076178734
2010-03-07,29.495988462181767,68.82454403221115,66.85630522512548
2010-03-08,29.30599692936999,58.89157509186034,69.30798131078747
2010-03-09,31.608796169429276,73.69331758864564,63.26191775388263
2010-03-10,29.178198978324048,71.23691963436637,71.31554176582195
2010-03-11,31.74392540417936,69.30215753859159,67.3104705627019
2010-03-12,30.043895075452234,60.384405108741994,64.8008618803608
2010-03-13,28.518861519596665,70.31720133168352,66.05433409679353
2010-03-14,31.305457608037408,60.32799718275758,68.91619011307648
2010-03-15,29.57080296041949,64.54352984441032,64.95643420079497
2010-03-16,31.981458730929294,68.98834097487959,68.82467615268695
2010-03-17,31.89308107836978,65.98666971065389,65.08245355489407
2010-03-18,29.744636992388354,64.6513800699242,65.7564592204995
2010-03-19,31.51771421443568,59.66277595136174,67.86676207152973
2010-03-20,29.861906140605434,63.45970481838921,67.4372341384748
2010-03-21,30.584840433979352,60.145832636014326,65.0420913242134
2010-03-22,32.82897558628694,63.45615953210956,64.1900854146625
2010-03-23,31.699309202648916,59.50597863565952,67.92536834952462
2010-03-24,31.07186493850351,65.86036947859267,64.07754210126747
2010-03-25,31.06909650767201,53.15078600760543,68.01791631161576
2010-03-26,30.73196959033762,61.709354972114376,67.38225150139405
2010-03-27,32.62576173604405,61.63069396271565,65.49444780578334
2010-03-28,31.560043785919838,59.54999038517565,68.09929575847006
2010-03-29,32.41031880107881,55.100050779470294,68.62829116000194
2010-03-30,31.827962182577668,73.10606263580252,69.64253446961902
2010-03-31,29.663338036054284,46.203657313845035,68.5360050406329
2010-04-01,32.67467113247798,65.01200070874957,69.16461315984502
2010-04-02,31.590115132020948,57.04204183165827,63.278243690093554
2010-04-03,32.32138267304905,52.777379290130156,64.66670665268643
2010-04-04,32.10792297837661,50.02318107507972,66.19614221685737
2010-04-05,30.796176664321226,56.09823793581722,67.64228967784402
2010-04-06,31.380767512623034,71.15146628037033,65.22370752100105
2010-04-07,31.955515805446655,59.48929891358185,66.60671231659187
2010-04-08,31.065879411829048,50.37914723922699,70.10447242925132
2010-04-09,32.81099445307502,62.12247702964201,68.31816715658216
2010-04-10,33.41506407623024,66.08253191919796,63.46741683442987
2010-04-11,31.67591840112923,55.93610744459865,69.35920379112486
2010-04-12,31.69539861851445,54.99028391320467,66.00910628396794
2010-04-13,30.4362268391982,64.26466740276325,64.4865026394027
2010-04-14,32.87050973040332,51.16584512559543,68.3313579193957
2010-04-15,32.317264423525465,59.68497238130133,62.73852857701819
2010-04-16,30.948753748909148,62.54501406472588,70.6523735827612
2010-04-17,31.966765301781358,59.57384725561128,64.96599516065042
2010-04-18,32.25557294502457,56.343386393691816,69.39993802832417
2010-04-19,32.73752426147242,58.302359436297415,68.17761748761902
2010-04-20,33.098137831090014,65.00391971471421,66.19877592746892
2010-04-21,33.343086690370505,46.361822217389225,64.87079611040038
2010-04-22,32.595553831107175,52.229641155447965,66.6767746421814
2010-04-23,32.8708226112768,37.41015795954458,63.295298910169464
2010-04-24,29.808534229307156,55.25232944911841,66.15330478523097
2010-04-25,31.204300655276338,51.5911600515995,66.17247576204724
2010-04-26,33.96016132404484,59.51146293381808,66.72415762497383
2010-04-27,30.709521032675465,53.544931011388954,68.06717225938675
2010-04-28,33.416247218215716,52.32914262457131,68.92984863519084
2010-04-29,32.691705568745725,52.971623062094096,69.25267628413316
2010-04-30,31.150873261851864,55.746685241515,69.75196318928936
2010-05-01,32.742042743435505,59.34206274160165,66.33714442621965
2010-05-02,33.73865464020417,47.794119434655634,65.58621647615234
2010-05-03,31.60458818811066,49.18508259005078,65.92491438118641
2010-05-04,30.271781235327243,44.55606366073434,68.70784931025233
2010-05-05,34.0566154331345,47.08994918036193,66.69012829130737
2010-05-06,29.6356117126382,53.15513774914143,66.55426690299676
2010-05-07,32.17509373309618,50.15350457675586,63.882679966256504
2010-05-08,29.22674141826797,50.61545000755744,70.53597145054209
2010-05-09,30.94021794566485,51.44542372239925,65.09993031559615
2010-05-10,30.616565378222752,55.33544476572869,67.87852270252779
2010-05-11,32.608774373773066,54.571002661396676,69.38506646915387
2010-05-12,31.258641854463445,42.696367691068104,72.003899230138
2010-05-13,31.31241255962818,50.54432436147974,63.84483862952716
2010-05-14,30.96507665934289,48.203675653694354,64.59228997459037
2010-05-15,31.273576964682523,49.95073451382447,69.55571921088534
2010-05-16,31.67527010802047,47.70476636063845,63.29206127703206
2010-05-17,30.738649827864265,45.59906515349536,68.2738959164922
2010-05-18,30.501917382489566,44.100505325167845,66.01201160227008
2010-05-19,30.86250272079389,50.881923137100756,66.49455334917828
2010-05-20,31.96675674955459,42.12412731908898,66.69564703444473
2010-05-21,31.13855453997554,37.88883346384678,65.677010346877
2010-05-22,31.894218025966016,45.90654759943041,66.09668559542133
2010-05-23,32.145366430089084,41.70001742929881,66.61419231797946
2010-05-24,31.98738029402459,46.39540669136097,68.64038434441484
2010-05-25,30.876433410143598,38.6821009511863,66.98335606275522
2010-05-26,31.25322576815165,50.6850306205019,70.51712271219611
2010-05-27,33.556774778349705,43.98561428747468,66.27727044510495
2010-05-28,31.334029463850335,47.279360427414176,69.69706572910115
2010-05-29,31.1627917472245,45.66910691183454,68.52087266709788
2010-05-30,30.59417715526458,39.75359429866969,68.1335519569104
2010-05-31,30.767562077015683,46.202359442275146,66.50636161555789
2010-06-01,31.675490141105442,40.56139677197627,69.13350244624343
2010-06-02,31.138625727429325,39.92913040985486,64.21930430218772
2010-06-03,30.454837490980022,39.89438589851307,70.50324909777115
2010-06-04,30.971091431500277,35.2376764177812,64.89571119826209
2010-06-05,30.598169978289885,40.83448808517382,66.7258300502076
2010-06-06,31.657321642774207,40.212435546750065,66.07081542892657
2010-06-07,30.23997462060205,35.70275877924458,69.17768329886417
2010-06-08,30.36702787588721,40.20564335234071,67.3099653436371
2010-06-09,29.735545113279127,40.00378585289432,65.24274766677539
2010-06-10,28.91905965861806,39.91515843135125,67.74575439509256
2010-06-11,31.232790849528218,34.24440930528137,66.91066159242276
2010-06-12,29.953149706069993,36.787303959631636,67.00860998697186
2010-06-13,32.62244776151141,36.14498379444425,67.52590801100683
2010-06-14,28.853490444096103,30.668301046370793,66.40174512314796
2010-06-15,28.89415995807941,41.775563456246424,65.45147578979838
2010-06-16,29.75876101215138,39.36744282466224,64.68090377331764
2010-06-17,29.932951477276276,34.86382292583766,62.52897789795995
2010-06-18,29.997984065890993,33.57783361459954,64.49268739992992
2010-06-19,28.940404562611807,39.47049640951848,67.5844273230063
2010-06-20,31.83214163964047,30.336067593619784,68.56630185607553
2010-06-21,31.328720609182245,38.57284703270863,65.68256644198514
2010-06-22,30.31253894350584,38.83193338677568,67.94966130730334
2010-06-23,28.77636450515856,26.930472567116936,68.35786195098594
2010-06-24,28.15667656892586,36.720819436052686,69.14567697168125
2010-06-25,28.65468891358842,26.855507770900566,64.97497747881644
2010-06-26,29.13000351495895,35.568124206414296,65.68237620725239
2010-06-27,30.9258020484029,30.42240624024107,68.25298514778363
2010-06-28,29.57734302078003,26.951297218899334,66.40998065012596
2010-06-29,28.70167790614357,38.263296183424806,66.20585703455194
2010-06-30,28.28968106864557,35.77502350723793,70.65759228056677
2010-07-01,28.236805819603912,36.14667140596301,67.10692793329612
2010-07-02,29.006433834897788,31.217236181148255,63.633641173164676
2010-07-03,29.002940766825937,23.911377385602027,66.2339654950052
2010-07-04,27.953552468918385,33.932656615722905,63.24195954068464
2010-07-05,28.081005921460964,25.428844701799658,66.28273195057683
2010-07-06,27.38180299108585,26.556644105414072,67.05348882001412
2010-07-07,27.94815193897885,33.572090494281426,68.06485092613147
2010-07-08,29.154210377680524,36.53844274483015,67.54994098848992
2010-07-09,30.709788651762615,34.22357177825033,66.29841921077833
2010-07-10,27.36321137180789,30.064211768384947,65.86084629398357
2010-07-11,27.050434114233557,25.085608911373782,66.0359201469617
2010-07-12,28.233867152117302,34.028153113171825,68.26590853608141
2010-07-13,28.19818705300739,33.735896841501564,67.22229254361407
2010-07-14,27.486383514492776,33.92480459932994,66.76307827835447
2010-07-15,28.055187142625172,33.40081981333866,69.27561835469398
2010-07-16,26.779700599942323,36.579902515604815,71.28795911430673
2010-07-17,26.20406868744672,23.0502617622073,65.11879173118369
2010-07-18,26.67447941533156,27.54149045443688,66.48467252330563
2010-07-19,26.922592077197127,40.44052821056931,68.60193536505307
2010-07-20,26.53861977850844,34.69540663842525,68.99544838029382
2010-07-21,28.88232906261064,20.833436915068265,69.92287786783123
2010-07-22,26.395878173307757,30.596255850992087,69.44667201862214
2010-07-23,27.971647762373603,33.63823904322779,67.6619830393925
2010-07-24,27.914278093366995,34.5122718597087,67.37159816925876
2010-07-25,27.52045455212588,29.66074753689355,68.41681871675962
2010-07-26,28.210329758968747,40.34337775238838,67.38628928916282
2010-07-27,25.679745565180056,34.75661923234873,67.72491146288729
2010-07-28,26.8025748480973,37.1382531289708,66.62374246874178
2010-07-29,26.82859873152031,25.21799179885118,66.47977865499286
2010-07-30,26.093515251748492,27.28796061956871,68.52809510159152
2010-07-31,29.371129536980348,27.562293737242776,66.94551076409853
2010-08-01,26.31690225876041,28.141963291184425,64.44432276783651
2010-08-02,26.137696295636566,27.966118018002756,65.20612293338287
2010-08-03,26.45848492399683,36.4702535351285,68.6623425224342
2010-08-04,26.698004277832474,30.388267306674937,66.91047203956546
2010-08-05,25.674604959647475,36.23842164221675,65.07761987530868
2010-08-06,25.383465911926404,33.01655458046744,68.812563125083
2010-08-07,25.6653557106895,26.192179555240173,69.89965946245421
2010-08-08,26.071832059025752,31.73033232608837,67.78623148846503
2010-08-09,26.809341789158914,37.027164190636036,66.1756858443954
2010-08-10,26.320217951931212,38.78434257362783,67.4469062651103
2010-08-11,27.934135850357094,33.442549796638005,65.67053900211292
2010-08-12,26.119285366538154,25.91112355098774,66.9554398333261
2010-08-13,28.949762055522807,31.341284526740704,70.5456455675724
2010-08-14,25.89505106962691,28.932425956956962,65.95173614735995
2010-08-15,26.664748706653974,31.309365847227905,64.79983766015995
2010-08-16,24.975538223143648,37.51066136530661,66.8307277212124
2010-08-17,27.74714182842967,30.22261214726261,63.13391303618872
2010-08-18,24.689060836773223,27.146470565161177,67.22768047108407
2010-08-19,25.98413403451519,30.31718300074598,66.13131361937427
2010-08-20,25.53926505720439,26.74112509094548,66.72411947850192
2010-08-21,24.336994028063533,27.991925692068268,70.67143314548872
2010-08-22,24.53443127805689,30.895758991511187,68.10717282172902
2010-08-23,23.342663631561663,27.859587805196618,65.00824731049217
2010-08-24,26.31852731278853,31.77689706497521,65.51228076980688
2010-08-25,25.13537330378613,35.634253983942784,69.60905432433634
2010-08-26,26.238306125707297,33.62541374485064,66.89101504984676
2010-08-27,27.892238718342135,29.445331496850233,66.30481545816087
2010-08-28,25.05031785916136,34.59015369158021,67.54809628720459
2010-08-29,26.534774791488328,34.70330563089132,64.18005076979594
2010-08-30,26.132507143916715,31.39116914866455,67.40932103027298
2010-08-31,26.77687508612127,37.695912464892004,66.9194619370493
2010-09-01,26.89982794898076,32.90064705930781,67.68516478618008
2010-09-02,23.51251253809435,36.78342973570926,65.97542401929947
2010-09-03,24.42372803946385,37.107805447159016,66.2521397725092
2010-09-04,25.400790222815527,35.28070411710211,70.51291748332599
2010-09-05,27.19202426821791,27.01114542528639,63.54146759467818
2010-09-06,25.11104223536839,28.61939380650642,68.05583450017573
2010-09-07,26.70826397712933,22.827459979433392,68.4471790465521
2010-09-08,25.571199775595463,34.32057063880252,66.70303891877055
2010-09-09,24.17237506239132,34.1104675731521,68.50270665893471
2010-09-10,26.576433060780197,30.128697984338984,67.95752085050088
2010-09-11,23.800554596002446,43.44312716544725,67.56406208846457
2010-09-12,24.67023001269701,34.484588507104405,68.62983969680879
2010-09-13,25.482890252474515,35.422094504064056,65.43269682766561
2010-09-14,26.016587150872628,39.64800837493327,66.92087521142825
2010-09-15,26.277491997698494,36.66230811530668,66.25838190575897
2010-09-16,26.458234931747107,38.92078958039194,68.15925594510176
2010-09-17,25.88162485970556,29.424995257587334,70.66850958823957
2010-09-18,25.69915471955474,33.003360859844236,66.1432813718509
2010-09-19,25.725866645096016,23.32283555830588,65.40914381320589
2010-09-20,26.131777623798925,41.7483903278346,66.91202268652536
2010-09-21,25.137525047197638,29.290529902967315,70.28022539988233
2010-09-22,24.864488349776106,46.23490290791402,65.45819953870948
2010-09-23,25.9160271248819,35.82299852795787,65.83652684638407
2010-09-24,25.770013241106838,31.223576897843902,64.81905098787405
2010-09-25,25.139453395573916,40.119086180376605,65.98225994751314
2010-09-26,23.043773209707997,36.40809490914662,69.70264185890632
2010-09-27,23.909274724948297,38.32478153338619,65.18361161626811
2010-09-28,23.954426247578418,41.65880612062437,66.51183132149274
2010-09-29,26.72804797303277,38.64826455919135,63.21830566478563
2010-09-30,26.488947243101226,31.469187028493053,70.76609600859284
2010-10-01,24.175393161800415,36.411117689745026,71.21641076541346
2010-10-02,24.59105228410621,24.72963903002906,64.47866518860825
2010-10-03,25.44110982833,40.856098250769705,71.01654040008987
2010-10-04,25.08453605325445,42.71859520529503,72.04411698682631
2010-10-05,24.80887002505914,30.66766928626466,66.81927988901586
2010-10-06,25.21682561476543,41.03627974648927,71.13214137170392
2010-10-07,25.486034818049298,32.25780676096362,67.6521576745006
2010-10-08,26.52528304670982,42.50085926668432,66.14772160617149
2010-10-09,25.91386436636499,36.392826647004284,69.306233233255
2010-10-10,25.17145531395169,36.68923309769881,68.47137756956114
2010-10-11,26.725563765352753,46.69434783713302,65.43790626579225
2010-10-12,27.13414713363637,43.637202954894576,66.87409221578032
2010-10-13,26.2471616330498,48.26656837168849,65.28677811338765
2010-10-14,24.91410869027386,46.57320910134984,65.37962319376301
2010-10-15,24.732697598420962,46.54204541887423,70.66464450035639
2010-10-16,26.005848501826257,49.83870588088147,67.1314132058512
2010-10-17,25.958662646771366,47.73281012456904,64.43695772218865
2010-10-18,25.459353544483708,45.58921798933773,69.16622314510796
2010-10-19,25.961092362538718,35.15704230949067,64.85809328749879
2010-10-20,26.938183492348024,36.994323605334834,68.58640580019919
2010-10-21,24.952298660676604,45.83337058055818,63.16902176730214
2010-10-22,27.187589239408833,46.20467345480442,72.53759032715426
2010-10-23,26.105124457056785,40.42820395072516,64.4277111666215
2010-10-24,26.833539621896293,50.41772373316646,68.26639324892052
2010-10-25,24.46588175962949,42.66709724634123,68.35681318953274
2010-10-26,27.91202002515168,52.621325142312024,68.0801463863764
2010-10-27,27.20845207146615,44.925993721178536,67.12212817601133
2010-10-28,28.109534338165364,42.548265608688496,67.60646545653367
2010-10-29,27.903711440484354,45.201175314139896,68.46997344943304
2010-10-30,26.21740598254975,52.953836075309106,68.0843178498183
2010-10-31,26.120864059474382,51.06410248336107,67.54400963284716
2010-11-01,27.544462252028957,49.92324628883532,69.10180114900338
2010-11-02,28.188736031904277,48.563857809791315,64.316186714329
2010-11-03,27.826490784402928,44.94000793340651,70.92308444222336
2010-11-04,26.56512607059407,49.58071054481165,65.25227846163664
2010-11-05,26.50385286062148,53.01431406156314,65.65922536590669
2010-11-06,25.439241830903097,56.35027204322105,65.15209995965691
2010-11-07,27.527900152397724,56.816396055337194,70.44639927214027
2010-11-08,25.749552271203882,52.05029669329239,65.91238868426234
2010-11-09,26.99608715942245,48.85641630768158,72.34493324563329
2010-11-10,26.733416002743883,62.762362572295224,68.33114669100561
2010-11-11,26.366963946512698,47.398798208109525,66.67138595897175
2010-11-12,26.943005228960462,43.28386701735351,65.99330984192788
2010-11-13,27.06831365627226,53.18521676475207,66.28822286365705
2010-11-14,25.50355765029821,61.39137531269145,69.43974961932267
2010-11-15,28.936191015818622,45.2274663239301,66.31161695869046
2010-11-16,26.625947124233264,59.09201598418135,63.1260451007625
2010-11-17,26.61610711105832,49.39511826163569,67.06925057913406
2010-11-18,28.289271714567267,60.75409288508593,67.5255777602183
2010-11-19,28.41394743447554,54.508155332679074,66.31593913994271
2010-11-20,27.753203620119443,55.28327657486687,67.6386336031151
2010-11-21,27.65414854334172,50.53971299687352,70.40401516635309
2010-11-22,27.23000049791938,63.042872185355044,71.15584382622687
2010-11-23,26.941159698323787,55.233636380708894,68.55850149572952
2010-11-24,28.402680193744366,67.94641356351698,69.24031802092799
2010-11-25,29.479503141118183,62.74368942218059,65.99741411147987
2010-11-26,29.946355742443956,54.72879683170106,63.80486365608871
2010-11-27,28.445207019507354,54.63452862850448,68.37755108978695
2010-11-28,28.637476676107923,64.6159093387859,65.46862560282524
2010-11-29,28.937350341051555,64.08960163659088,66.24829288155676
2010-11-30,30.18705958014912,55.57820395175961,65.33983201828461
2010-12-01,28.941053151605868,60.5527023874899,67.67919772841913
2010-12-02,31.12388744849413,55.539390649764556,68.9781856972628
2010-12-03,26.49612728037819,57.60802108705607,66.8702256537518
2010-12-04,30.433961676561626,54.72903341169758,61.66769025491666
2010-12-05,28.147941968705982,47.39025762897942,63.85835164638423
2010-12-06,30.07095488625537,64.30561193222167,67.23955339304194
2010-12-07,28.558751354330784,59.100368386394656,64.23667291804209
2010-12-08,31.551391296525935,58.711008313003354,66.38805284410269
2010-12-09,32.01038551053069,57.86010817774694,66.42485634445462
2010-12-10,29.098362138160926,63.47316956339775,68.4724282110001
2010-12-11,31.388924145445397,65.85016718647063,66.07696217843021
2010-12-12,29.21170782729452,65.87899472808581,67.83007509548752
2010-12-13,32.340042871353646,53.728038190827704,67.87764412143784
2010-12-14,30.765710682261442,52.94043020771183,67.6843628708721
2010-12-15,33.22003056902281,68.96801811730904,64.71728633565222
2010-12-16,29.449932873626263,62.37861553547758,65.33105685903683
2010-12-17,29.41627939267732,62.96162623008099,67.81854112371933
2010-12-18,30.013708125094546,62.44089484825921,69.33301123277177
2010-12-19,32.56521718202294,63.376361626702725,66.31377875725549
2010-12-20,31.291069685345413,52.34926904325048,67.32016484744346
2010-12-21,31.660445347028848,58.06909630192743,67.19002992412915
2010-12-22,31.63028411175422,58.261833758983,66.6905580774461
2010-12-23,30.607552736864527,64.48774043450253,65.50862577037825
2010-12-24,32.746534686895444,57.114453182338316,67.2465884720556
2010-12-25,31.995140247768834,64.88103545166938,67.08261844081618
2010-12-26,31.90632335251916,65.10987837715109,67.93715270977036
2010-12-27,29.807816245064917,71.90075116935607,66.73815229439555
2010-12-28,33.44325420983054,65.08807052229376,68.29821645436772
2010-12-29,31.474204662620636,72.7344379451904,67.18407905115804
2010-12-30,31.922186603834323,70.7928817417119,63.623163515405125
2010-12-31,35.43264137105391,61.44896853684935,65.83969855600638
2011-01-01,31.97176041929766,61.04328169443279,70.11263112490124
2011-01-02,33.11503317513193,60.82446436590391,67.94801721193564
2011-01-03,32.093467241549035,62.32699360140607,66.41507361266014
2011-01-04,31.988241394318813,64.20798940959469,66.72364353215391
2011-01-05,32.72796443493043,67.0631959651534,70.36477409743738
2011-01-06,34.11009616431065,68.4484764721255,67.22739521056351
2011-01-07,34.65433661395253,70.41353400001302,64.04860296020529
2011-01-08,33.79249411012181,62.608253815676456,64.00600538705949
2011-01-09,34.69268041671013,68.14104663375835,67.38998133864065
2011-01-10,33.2600921703346,58.994080794795934,68.52811771037443
2011-01-11,32.80126867142507,69.25577012251256,67.19365047885819
2011-01-12,32.552345691670844,70.85112170643372,67.14270229241714
2011-01-13,35.51673420286372,61.190247257213585,66.27742231602002
2011-01-14,34.376767840379,72.08762346988775,63.63594450196178
2011-01-15,33.58953353418239,60.55906482795418,68.61334780159186
2011-01-16,34.68673448140579,67.47713254175956,65.17731913171093
2011-01-17,34.38372847802757,60.801965860896765,65.03693023055642
2011-01-18,32.755008471745136,64.42147152770416,64.51749032661222
2011-01-19,34.14405342140467,62.487500586620634,69.10692506625172
2011-01-20,33.13534845549373,70.20205019990026,67.36246113006477
2011-01-21,33.36702979219388,65.32663444985255,69.78990264597476
2011-01-22,33.490738542129996,71.66970359615556,65.34376134519042
2011-01-23,34.75944352946685,64.73042625215577,69.61269963752082
2011-01-24,34.4692898762489,69.8015125276627,65.04581300984216
2011-01-25,33.25873472146643,77.77999213688551,67.45968634588046
2011-01-26,33.530135706107444,68.44970274174749,67.14175211104785
2011-01-27,36.18267957452788,67.40528539133669,65.77670201793335
2011-01-28,35.39614307762768,67.65699987980274,66.31814628151857
2011-01-29,36.09705960009476,64.46403057007089,65.38609090543714
2011-01-30,34.44724857947302,69.81797918043122,65.47718782426824
2011-01-31,34.50472700760703,74.31726067098887,68.75422149827594
2011-02-01,34.82055380071129,75.99763270398593,66.72969814509764
2011-02-02,37.3392791630348,74.94793761113513,63.532285386565505
2011-02-03,34.87504809642942,73.10249214219255,66.26700098410292
2011-02-04,36.1777304758315,77.37888917676372,63.7453069468928
2011-02-05,35.06862268855632,63.58871485009091,64.89888823735915
2011-02-06,35.647588750258244,70.1152027185519,67.16662880651194
2011-02-07,35.20674231965807,69.97242617306868,64.9613887684295
2011-02-08,38.56490079022694,64.42280762497194,65.43024026452413
2011-02-09,36.758767607384854,74.8417388146877,67.11294794036226
2011-02-10,37.06527835920495,66.87982072923936,66.84793301570924
2011-02-11,35.73017764824543,66.06784962253533,66.26919045949069
2011-02-12,35.25385457798861,70.43506658358757,68.61059830328557
2011-02-13,34.88371840171966,62.73815455244663,69.19526462766194
2011-02-14,37.62713051859365,76.63003577700722,65.36604314201385
2011-02-15,37.06102159529779,75.66070147713745,66.79788771139522
2011-02-16,37.22304638929603,62.14179342767394,68.31203762085848
2011-02-17,37.22814337657819,79.36101377820034,68.29286785503723
2011-02-18,37.709071392921324,76.22583780810498,63.93072956354788
2011-02-19,35.637222700868115,67.2672479092975,69.6410844048958
2011-02-20,37.22642820475111,69.56278459246661,65.66083711044189
2011-02-21,38.45260162241252,70.5518204109977,64.9954766244978
2011-02-22,37.762031772355165,74.61215530142864,68.51874086541649
2011-02-23,36.67591375805708,63.54792743682202,65.83967379414847
2011-02-24,37.45587727535401,69.32003521972612,64.85271000638319
2011-02-25,38.61689874871043,71.66037043203023,65.13548529665827
2011-02-26,37.69671840591621,61.885724739748014,64.99168529674915
2011-02-27,36.25589244275794,61.71658950182197,66.79524873194458
2011-02-28,39.170075144578355,66.0758149705619,65.14632936851677
2011-03-01,39.516272782697506,74.53923095081319,65.20979106763114
2011-03-02,38.34746454082059,64.08611458514366,66.6286426165853
2011-03-03,36.25890008749679,72.60684956677314,66.46019704977832
2011-03-04,37.71963141444239,70.4645435449499,67.84953562232643
2011-03-05,38.66675501176974,73.84707282719374,67.7769103281307
2011-03-06,39.41741114717526,64.36571033619424,64.4958831518921
2011-03-07,37.464414362212416,62.213614319312775,71.48402786525196
2011-03-08,37.61645019641166,67.37400218002608,66.63893155364097
2011-03-09,36.90867680203629,59.88625497837518,65.44357025144181
2011-03-10,38.85812126868924,74.55203201324656,67.40459786861233
2011-03-11,39.23665114152247,64.32253841036021,67.04066285704388
2011-03-12,38.827674768228235,71.27903351745677,66.64354983140215
2011-03-13,39.34294412907813,72.1940540544727,64.98984740827525
2011-03-14,39.57180897903015,73.49585513840621,63.462838187200994
2011-03-15,37.942259401727995,64.83277823308956,66.42341863166887
2011-03-16,39.21386119539518,66.3472297073661,66.02910830922046
2011-03-17,38.351520964084216,68.52425235345034,66.9760354211163
2011-03-18,37.38471756145597,63.26507191556822,63.39242013503974
2011-03-19,38.76779085172992,63.654885806535134,64.06525164009226
2011-03-20,38.94934843757792,64.27109399121584,66.93744270154242
2011-03-21,38.766567621838576,56.1186180862437,67.123402143752
2011-03-22,39.36037489408921,70.45524702591689,68.51194923109043
2011-03-23,37.9566560582402,72.14772135334684,64.74786641377779
2011-03-24,39.71957139039718,67.37224851480127,67.37079976749271
2011-03-25,39.698605444845825,76.48816844229682,64.0983908372119
2011-03-26,38.71104585367687,71.2545428729715,65.97972919357534
2011-03-27,39.097926747165225,54.22363905266907,65.75451535622491
2011-03-28,39.54175072769737,53.4051731626058,65.73112918877172
2011-03-29,38.70017955246798,70.25209137095041,65.8814577430568
2011-03-30,37.94043521198598,59.87107542664166,63.59711688073139
2011-03-31,39.901625018503125,59.351567342345035,66.2349258827256
2011-04-01,38.80516657092809,64.67093701833987,66.55082685889988
2011-04-02,39.806445319387166,59.82458988660085,65.6764462183634
2011-04-03,39.58699389984046,62.47422602836926,65.59846435935408
2011-04-04,38.90386703156583,61.49689244522909,69.10698808747837
2011-04-05,39.96242661423847,55.27122522433308,65.27591385887006
2011-04-06,38.697093452163756,67.97801007764517,67.27554938414114
2011-04-07,39.64019361291659,61.59492018793335,65.03889041346034
2011-04-08,39.581931309206,57.32180968184438,66.91620413869845
2011-04-09,39.193561096077666,63.066051933497725,67.96704353882981
2011-04-10,37.33703385427873,61.60446423482751,66.26585151549783
2011-04-11,37.983310474570196,65.1264710121726,64.14686321839632
2011-04-12,38.99328757957662,50.74247928793622,66.8711758506198
2011-04-13,40.74958913674194,57.740433975761775,64.28936098978963
2011-04-14,40.00672294403473,61.43347358072612,66.13195100689863
2011-04-15,39.34302670712852,60.031030363518056,63.37904643199407
2011-04-16,39.251232016960934,53.35656058862585,64.35031695520009
2011-04-17,39.018512692359785,56.11889598107423,65.23059115630365
2011-04-18,40.37478984182727,59.34969906224839,67.42264816791634
2011-04-19,39.22865094665026,55.43095018886588,62.93376381870162
2011-04-20,39.88127118326983,56.85021102324812,65.04979261670582
2011-04-21,39.08521765827177,64.48058519347767,66.53955556103728
2011-04-22,39.500735869039104,48.141750541365425,66.29602960076512
2011-04-23,37.97820027691436,57.978633925566264,64.14554779012575
2011-04-24,39.136248090436496,51.73930013576575,64.05427470892973
2011-04-25,37.54240401449991,46.77158318880235,69.23985480922185
2011-04-26,39.897316967143595,56.85627430482759,65.29518873547045
2011-04-27,38.76689244444945,59.82184765613158,68.7408927962872
2011-04-28,39.982278198697806,51.35482517892815,66.77286250413054
2011-04-29,37.46802838489288,53.30221467668962,65.32990125339468
2011-04-30,40.55275204610305,47.7772455701324,64.29932382936845
2011-05-01,39.27430002966616,47.32632612577755,68.41987712032567
2011-05-02,40.41194340664967,57.50094625370543,66.18225930968255
2011-05-03,40.54446643221827,52.67000795977668,66.27210953514125
2011-05-04,38.423949082842356,57.300507513493,65.0855300058452
2011-05-05,39.01593765327048,52.203646098639574,68.49340423843881
2011-05-06,38.573003606468,50.96631345629019,66.58494716313744
2011-05-07,39.177242330263965,47.425555785494204,60.67079444626931
2011-05-08,38.727211417051514,45.10081477049857,64.46191533539196
2011-05-09,39.16067557878862,36.66485742846494,65.39857795289605
2011-05-10,39.03234275309643,44.50736094772546,65.16634253389641
2011-05-11,38.0725899659771,39.01719315554863,67.51555889284671
2011-05-12,37.67733677434533,56.41763615064967,63.61849985415311
2011-05-13,37.942974506270474,45.98116489016231,67.00284583420242
2011-05-14,38.359265996661215,45.21081954506218,67.52811483148184
2011-05-15,38.213859560634624,43.36352559967917,64.74371018279001
2011-05-16,38.49009878648696,50.33742924917351,67.6460703734193
2011-05-17,38.25880775971061,47.7956013687555,66.67271801226254
2011-05-18,38.88881784611255,41.73517583886179,69.22766432142895
2011-05-19,38.86398021262142,45.116414720863354,66.41026842824965
2011-05-20,38.74977287902596,50.45231467823972,66.49873036491513
2011-05-21,39.82797749123988,45.27577781314541,66.8142621111519
2011-05-22,39.00035252044302,36.2131401881778,66.75398331463586
2011-05-23,36.98558849472736,58.06959682879388,69.7546784318523
2011-05-24,36.75521777766216,42.75218031441722,70.46897436111267
2011-05-25,38.49107385740144,49.32138408052074,64.53273495512991
2011-05-26,37.896255453222885,41.814534017266006,67.18638536853435
2011-05-27,38.27346263053623,39.63410358683865,66.81098387188482
2011-05-28,36.39850936334243,44.95814107611312,66.86548266143738
2011-05-29,38.6762748000447,39.53748130042548,66.25617830466989
2011-05-30,37.60310769647737,51.59989223086491,66.12121719279408
2011-05-31,37.8790970756695,41.02282164879326,67.15653359391132
2011-06-01,39.15660106165717,39.239734478089574,64.77067200031154
2011-06-02,38.560186876738115,41.63456815137686,67.14002795121444
2011-06-03,37.234112755967296,33.58194634418349,64.75213978221157
2011-06-04,35.97536760714816,40.81323916622955,68.49069305922134
2011-06-05,38.860691461915096,49.40249815846239,70.04297902915062
2011-06-06,37.78187634164457,40.83613107773039,66.47455971360054
2011-06-07,38.48485025702607,40.40293389736382,65.69145460419753
2011-06-08,38.53016798830354,43.368152066968385,65.95114259112344
2011-06-09,36.11485048109647,24.01884825378647,65.19455579165484
2011-06-10,37.31074270787714,40.86841372182604,66.2726181440599
2011-06-11,38.10044316117345,43.28107901807042,68.37809627232572
2011-06-12,37.13728816983856,44.00123164272759,63.62266196387876
2011-06-13,38.00059046259402,33.604585471800306,65.43582067637485
2011-06-14,39.17923080518999,39.00109793638016,64.48523024682368
2011-06-15,36.53821580476824,30.433740505496722,66.93668576429997
2011-06-16,37.51746876904679,39.69596967811087,63.96973883751454
2011-06-17,38.10547304742158,33.68695421970888,65.10769131383013
2011-06-18,36.79267017389017,37.58227919867366,68.0706148224668
2011-06-19,39.21372677617504,33.98705411493874,69.33577869273839
2011-06-20,35.56159090938623,41.93456379746732,67.52915283761861
2011-06-21,36.286083430405306,27.487998928492324,66.33122553714523
2011-06-22,35.75967541018514,34.01978824344433,68.71284690689164
2011-06-23,37.61300277240869,31.964778363736404,66.71129918613454
2011-06-24,37.54683474833491,30.044029063140528,68.28002143906879
2011-06-25,35.724821203185584,34.478514840298814,66.24468756109563
2011-06-26,37.561831205124356,39.32290749400329,66.30783686045827
2011-06-27,35.925909273899634,40.02767175804627,67.64437460695974
2011-06-28,35.88326582611098,38.475523035232264,68.16864142141549
2011-06-29,35.06307665242838,41.39252015258054,63.65111763543244
2011-06-30,35.30666763324541,38.06665846668307,66.00963995742316
2011-07-01,36.82231686327515,28.265705380130385,66.64093387169933
2011-07-02,35.72940810963543,25.391990893335624,66.42283509397743
2011-07-03,35.66943514836088,24.241849171126074,64.38976421381041
2011-07-04,35.61480529424111,32.47994522777218,67.04107797391289
2011-07-05,34.83654761722415,35.92852900463747,69.95117726521454
2011-07-06,37.010811971171705,36.53927511179968,66.49048994075984
2011-07-07,35.0563148010212,39.51930235751759,67.50248753406585
2011-07-08,36.219711614646236,37.70555774438882,69.56861348085604
2011-07-09,37.4205048740517,32.011373250064864,63.589858705777814
2011-07-10,36.441537699926066,27.31471787704708,66.17853146957134
2011-07-11,33.83778236413275,33.91735631830081,69.1843446552706
2011-07-12,35.846681745006386,36.007465822964264,67.47869114836281
2011-07-13,37.764568696594786,35.490688000730934,61.97992709881518
2011-07-14,36.17062377653559,19.790284111404144,66.14058228828691
2011-07-15,36.03798152502494,38.532777434745164,65.00646448563015
2011-07-16,36.38961575271687,28.46871829164372,67.3476165224926
2011-07-17,35.38989473285272,31.24440646601135,68.762594544323
2011-07-18,34.92347814179494,30.52496113335049,66.95327642074415
2011-07-19,35.22618428356988,36.12403745981511,67.47171124285444
2011-07-20,34.26349096901865,20.54286476836583,64.09892437943537
2011-07-21,35.16656481309168,24.29102950572236,68.98727718195512
2011-07-22,35.42996492248876,39.136529271408136,70.63325747437898
2011-07-23,32.11364227976006,33.62637717595837,67.85326566623371
2011-07-24,34.462103265996575,25.06245015204845,61.315091026458646
2011-07-25,33.25548980024097,27.457093904846438,66.58186614359303
2011-07-26,35.17285915166177,32.68415098494644,65.80586406109526
2011-07-27,32.90626854202122,23.90032232315008,64.19070375197101
2011-07-28,34.76433039234245,40.559353015472844,66.7150266810017
2011-07-29,34.85987624729867,28.877642617429085,67.88555880202536
2011-07-30,33.92363744554582,26.92020595805161,70.84412129995566
2011-07-31,34.934153672806495,33.56426251270168,64.97482511031839
2011-08-01,34.20587111065244,34.322627691047565,67.68495410031984
2011-08-02,35.93893604420203,26.00685381894433,65.52875110569249
2011-08-03,33.72034394684776,38.40890986976393,68.29391637012094
2011-08-04,32.49361993523958,31.130017021305907,66.80294900296664
2011-08-05,33.28688716534446,26.19473843060426,66.10017886855964
2011-08-06,33.41951512328569,37.70626906256248,69.8628401096397
2011-08-07,33.294948362459635,36.1482309949932,69.87836909012506
2011-08-08,33.415418610359474,36.36575440633026,68.97807873139377
2011-08-09,32.14237941265605,41.51439374746632,68.1808503593851
2011-08-10,32.03780149850434,32.23787027749802,68.6386202433148
2011-08-11,32.20560518319267,32.277533346091495,67.43391447050114
2011-08-12,33.271718531830906,21.71472357629165,63.91240381199925
2011-08-13,33.242538995129834,34.94348543618149,66.51682416312761
2011-08-14,34.67469180813189,23.37655035532648,67.44624375580227
2011-08-15,34.338745248817474,35.767861694646086,65.60586241295928
2011-08-16,32.779886861725466,42.2587799738069,69.35820764629888
2011-08-17,33.93840293393261,23.165090545115206,63.9593906307122
2011-08-18,32.20877696418433,29.937389377492817,67.85748545722309
2011-08-19,32.710274424880105,34.09270420229548,68.95875511569854
2011-08-20,33.901593733787344,28.33325287365193,66.88464056573204
2011-08-21,32.807201511878326,32.59341474972018,66.48026284018303
2011-08-22,33.74181098949384,29.7256300703226,67.66037215655042
2011-08-23,34.07434384081428,29.760979635631507,64.70404125827073
2011-08-24,32.4029390423542,41.08722613989091,66.69704958516147
2011-08-25,33.537412855210334,35.422238635448004,65.22503178080939
2011-08-26,31.39517908651949,30.56786116146448,67.06899994713328
2011-08-27,32.705020020703664,34.69767248583013,71.88310298187831
2011-08-28,34.50077361375592,28.274206760767576,65.5747497351522
2011-08-29,32.92853943678038,36.73809892210381,64.12749865817626
2011-08-30,30.890852302194606,25.551953586812864,67.04241282256993
2011-08-31,31.927034301143113,23.400034020229732,66.42736521759971
2011-09-01,33.304128415739434,27.45755626957981,67.15009171850231
2011-09-02,31.944027650793252,32.46704457970502,65.09621691430388
2011-09-03,32.630620045865065,31.283925184104902,68.4294298825338
2011-09-04,34.18532045845641,36.96488014050915,68.98247043301971
2011-09-05,33.92658199895109,42.16662648568045,68.40052037705446
2011-09-06,34.49613968826015,21.873175708423684,65.03293998061149
2011-09-07,32.96549536047843,33.80590292077401,64.04987221459889
2011-09-08,33.16513117413303,33.49276615556354,69.38874828396264
2011-09-09,34.23629350992041,33.371752683785665,64.08846971168434
2011-09-10,32.36270648352011,36.63084583473547,66.63887534285671
2011-09-11,32.4774313334221,40.57273790522615,65.4360815708375
2011-09-12,32.815174910270514,36.86506238792879,64.47734305271555
2011-09-13,33.12812314025736,35.84481803899316,68.48216615592958
2011-09-14,32.770690444138054,28.446507744077067,67.76064436720989
2011-09-15,32.59990380322414,39.329914482523975,66.29406978245761
2011-09-16,33.7828079037416,27.15853040136217,64.22793854536566
2011-09-17,32.11771004643795,42.00626083240474,66.31365945356293
2011-09-18,31.53334218139924,40.18435190937744,62.58770420048392
2011-09-19,31.666234913577807,40.72636916622122,65.22797503788101
2011-09-20,31.98469254392971,31.75485186256376,67.42195106287461
2011-09-21,32.711625032128076,32.695652212795466,66.03466676776002
2011-09-22,32.434296772752504,29.134655899992033,70.98395542490847
2011-09-23,31.36219726996136,36.959903521544675,66.08271242448608
2011-09-24,32.66054517060291,35.64057477364172,68.0725293080894
2011-09-25,32.16705654130292,39.076757294803805,71.54363075536922
2011-09-26,32.15470381921626,42.98207268667138,70.76127129910624
2011-09-27,33.11977453532526,42.11432729030448,63.8784869881258
2011-09-28,32.5969319813023,33.321421208632216,64.5027264276425
2011-09-29,31.4346314290946,43.56245738048306,65.60166349170296
2011-09-30,33.100980344763386,32.526125496390264,65.9601015936494
2011-10-01,32.99218205532698,41.63454356511703,66.5382904223751
2011-10-02,33.70310613354048,44.59306633812882,65.61950491518016
2011-10-03,33.3451641351706,50.17030803943405,67.65691000878259
2011-10-04,32.5601804899158,39.1321694285736,67.7313481390052
2011-10-05,32.65407283657388,43.91507428457793,66.1136791947746
2011-10-06,34.44543522515242,41.81428366584916,71.09860116332753
2011-10-07,32.820207420941124,45.894109724550354,68.40015473332556
2011-10-08,33.5442839662512,36.77020054234288,66.6731278839999
2011-10-09,32.18834217704487,41.10300747325784,68.28110240747385
2011-10-10,32.905494675549676,48.20090268566204,65.65791482164286
2011-10-11,31.630703827993006,40.26924217531633,66.49983792876498
2011-10-12,32.10995928463253,43.82217673722961,65.1488169123865
2011-10-13,34.860254794059216,41.06326517708971,65.17592959753723
2011-10-14,35.669925078478265,35.98674154895891,67.60228278054174
2011-10-15,32.75049233553873,52.65966046845017,69.5549202380032
2011-10-16,34.85585432262484,45.861654553857996,66.2490214456674
2011-10-17,31.808975949379395,34.41883165596364,62.2418111356211
2011-10-18,34.49894270106218,42.59720401323398,65.07875719784867
2011-10-19,32.216093327224165,41.01535280045815,66.72847003443336
2011-10-20,32.92436039246398,43.57900272323168,65.78798858392354
2011-10-21,32.504376941977846,39.32934045666629,64.35100535861407
2011-10-22,33.981752963763526,42.51173846231563,68.54800914728135
2011-10-23,34.40358487453234,40.314959780952314,70.2371358942196
2011-10-24,33.409988575822794,45.45410248611551,69.275316156194
2011-10-25,34.43373734392228,42.56608313018733,68.20244613993108
2011-10-26,32.52724475231515,50.96948406524594,67.5632804168735
2011-10-27,35.46315719263682,52.2865904831662,66.12912116339976
2011-10-28,34.93940012597833,40.19250308564894,69.12785307127066
2011-10-29,34.95872359095926,50.71387017708807,64.80358554142597
2011-10-30,33.43063471653075,52.1098529036645,64.54871948090401
2011-10-31,35.66521508236481,49.03462349691803,65.50193774169608
2011-11-01,35.6306619837813,46.718444822500345,69.03760294621495
2011-11-02,34.28964086171064,53.10564429985888,70.24004825315554
2011-11-03,34.305116842475464,40.8813384453804,66.6888070485408
2011-11-04,32.93050413212648,44.503560569390544,65.74958899224602
2011-11-05,34.54752412397582,47.84369836630078,69.5797190285195
2011-11-06,32.573863013461086,51.331544253621566,68.56306908953728
2011-11-07,31.725461045285144,46.36447670482685,66.68713095508046
2011-11-08,33.69064935470594,48.37721715348368,67.98113423939803
2011-11-09,33.980679850040595,53.72825132425981,66.99557104036258
2011-11-10,34.92175696676468,63.41783913169476,65.79546799910916
2011-11-11,33.81177139446039,44.178785541287596,67.79747987704704
2011-11-12,34.44701720366688,58.58075902412817,63.20836252986551
2011-11-13,34.548186802647145,42.349268619895724,65.14131784729105
2011-11-14,36.43572666332516,54.80023781683677,66.99605548381894
2011-11-15,36.06226988960883,56.53880699769565,66.21976757219562
2011-11-16,33.1858237533151,53.339599386499394,66.74563582329428
2011-11-17,34.44003263027794,58.4353264582455,69.56744878218824
2011-11-18,35.19351216392938,48.23786026366551,68.13112631696457
2011-11-19,33.666550667253475,51.92786853562054,67.3557266929248
2011-11-20,36.11599041236455,47.12326076714705,62.37877502044032
2011-11-21,35.862116815534485,64.34717215348465,67.0026049173662
2011-11-22,35.59561377346459,55.683445233449866,68.65417872989364
2011-11-23,36.27539714127092,55.71077815243145,72.4790431391505
2011-11-24,34.25553462147662,53.30589442650033,68.07263882561745
2011-11-25,36.972442498916294,55.43058251984786,65.20207899161352
2011-11-26,36.19305872126756,48.595130786566116,62.687369137399564
2011-11-27,37.02754858940433,56.45925286252514,67.64447011703498
2011-11-28,36.88200723017669,60.41060226760163,67.8040076678917
2011-11-29,35.63627113057668,66.33595856455403,66.18622716082349
2011-11-30,36.56816662773319,63.82605113418053,65.45403834469633
2011-12-01,35.14077633677181,62.42143292047867,68.48590444586907
2011-12-02,37.4179143054935,55.88446121847955,68.68121871285216
2011-12-03,35.99886474689376,63.81223814421174,66.14215660529199
2011-12-04,35.68017790087945,71.07379163355716,63.7624633010185
2011-12-05,37.857298581778295,56.37028743340105,64.40720058116155
2011-12-06,37.31179444141628,61.666663366055914,67.09418796822254
2011-12-07,38.73469945261939,53.56456092904707,64.69511130078169
2011-12-08,36.38947787244646,65.85442333750335,66.00854457225537
2011-12-09,35.504835392429285,60.30386136725993,68.35861178257392
2011-12-10,35.760557059868866,58.129054516357854,67.40784342383942
2011-12-11,37.845015105026654,60.387076959809015,63.065772173325406
2011-12-12,37.604012849456794,52.05960458241279,63.690172360725164
2011-12-13,37.22604069428617,61.230364999713565,66.2269984546078
2011-12-14,36.333306105994154,60.35753548380452,67.37336852840102
2011-12-15,37.25517937336783,73.07992588472244,66.79064285944145
2011-12-16,39.143868830015826,67.19298773932785,69.45206544583752
2011-12-17,35.70897504678005,70.76798664159848,64.87029891519224
2011-12-18,37.8769350791934,74.27127269360417,68.49592103725442
2011-12-19,38.91422756531507,72.503575152097,65.71751089585045
2011-12-20,37.85495332164715,65.92755656565299,65.83220671507452
2011-12-21,36.812864342444435,68.83842637481541,66.03002948111937
2011-12-22,39.90256733660604,58.826558776652135,68.1699487187054
2011-12-23,37.64529991260545,68.79666818100318,65.74690835831188
2011-12-24,39.99467434387102,70.95257097084827,66.23767022146644
2011-12-25,38.38816390076123,63.888904926413566,64.04474398739174
2011-12-26,40.109447421457304,73.95852034972391,65.499190729359
2011-12-27,38.64169277993092,72.18394553278429,64.5104559830286
2011-12-28,39.178102211758464,63.56478210685653,67.85599786339333
2011-12-29,38.4379071809768,57.681209074707496,67.48218801524094
2011-12-30,40.51668840884013,63.66884569940641,68.84526812404688
2011-12-31,40.538369722457105,64.73355034314076,65.66929560477057
2012-01-01,41.087152990816264,69.75289526780351,64.85270618507634
2012-01-02,39.0269563322523,60.85567137387924,65.5377501689625
2012-01-03,40.00285816316029,70.7756018173157,65.42232056450405
2012-01-04,42.055487170267945,63.43448306492394,64.62998078360575
2012-01-05,40.10099423205925,65.74536806345034,62.90485033466366
2012-01-06,39.422794637948655,69.02509952070547,65.42359728191653
2012-01-07,42.23168719877234,73.42285104113287,63.822240660012376
2012-01-08,40.54916101952505,54.29790239373072,67.07460529350283
2012-01-09,37.824219885152026,73.34958609989995,64.55852539177776
2012-01-10,41.611490786608016,70.36208617126344,67.412912877147
2012-01-11,40.44031506723282,72.52721452611516,66.80214738603172
2012-01-12,42.24441149209941,61.67226337729001,67.88147885434961
2012-01-13,41.64232309233348,61.5809315299048,65.01906785142192
2012-01-14,40.07076369844503,67.36409416577553,64.45998290156818
2012-01-15,39.6495125004887,66.9876910715295,66.9756148187107
2012-01-16,40.947691013326214,63.82730319390772,68.08126741052392
2012-01-17,40.45123641937168,76.21918892654585,63.90395415707138
2012-01-18,40.70771339177666,68.86894653890771,68.46646396843148
2012-01-19,40.62171855874886,65.37780797157225,66.68145211681939
2012-01-20,41.914322198667335,67.96157059924172,65.86832981931497
2012-01-21,41.93435744708082,78.79886430315645,69.10279467604646
2012-01-22,40.76063797959814,69.49622013431978,63.39518408401682
2012-01-23,41.79379594227171,59.77123919119603,66.29797393146764
2012-01-24,42.96105908117881,57.95498490258122,66.09524649906804
2012-01-25,42.69150707776987,67.79042617305072,64.40892488946616
2012-01-26,41.30025581449294,69.91635918979843,64.05464048030142
2012-01-27,42.0096669637471,78.25926387200565,66.70423015573748
2012-01-28,41.963972439774366,65.46955631908496,66.6855145575997
2012-01-29,41.23410188069145,67.88583863915076,63.587474495170085
2012-01-30,42.71864324253676,68.33883344311074,66.37751169118393
2012-01-31,44.74881363613493,65.62730688660066,65.3774071917228
2012-02-01,42.84087051267024,60.58910537990717,64.70848090110312
2012-02-02,42.97256171971821,62.76756080882118,69.0471203284831
2012-02-03,43.355450007757995,78.29674089576528,66.25726229536993
2012-02-04,41.71309286773395,77.25294336309119,65.7647048539017
2012-02-05,42.79436340718678,66.892484801412,68.69658204739774
2012-02-06,42.23034276898658,70.63995770085985,67.53802132505669
2012-02-07,42.73850979960612,75.98459392517863,65.30283593338288
2012-02-08,43.69199798252362,71.69293728038323,63.72371316604862
2012-02-09,44.94218245387661,73.8670901090873,67.76614985565638
2012-02-10,44.41227780016463,70.49568787087637,60.20531676619426
2012-02-11,44.211852496972824,68.93599964506537,64.64285312581664
2012-02-12,44.94582966705903,74.73702145115182,65.76210488788834
2012-02-13,42.646396414136866,72.19721537974334,62.34357362528757
2012-02-14,43.926725582875484,61.07460441614507,64.43268645546426
2012-02-15,41.939341740323194,71.20016300937208,65.4566199852489
2012-02-16,44.40076404331566,70.0534280552327,67.8291937114155
2012-02-17,43.17342685856957,61.61951294899324,64.62141807989961
2012-02-18,43.46473959931142,62.63280951568873,67.45682049558299
2012-02-19,45.30108419774118,74.17059506599617,66.81169871238235
2012-02-20,45.93126100482525,66.99271286038832,67.74804340320789
2012-02-21,45.790316424470554,64.26654586565937,65.61422435123626
2012-02-22,46.63459276166721,60.47117676703964,64.91695294700517
2012-02-23,44.80699255199545,61.77484471633727,66.7546644498761
2012-02-24,44.961056481005826,66.30072368329296,64.96762145243326
2012-02-25,43.91145141457656,66.47070986132368,67.19982513452764
2012-02-26,46.23576669203302,71.19340760143848,64.18765303177754
2012-02-27,42.72885274625894,77.16364386308211,68.11533273095226
2012-02-28,44.48866850828161,62.758434208018045,64.6367301582294
2012-02-29,45.91328803285287,63.30409913345874,66.83250393176156
2012-03-01,45.874666095193135,73.07590032170434,63.80464923538176
2012-03-02,45.21124358592755,71.70605187153039,65.76442673959833
2012-03-03,45.13292697779302,60.944498098373295,67.4440160859766
2012-03-04,44.584946594535076,66.40448661585566,65.90973434287059
2012-03-05,44.55572745738006,64.02185524506612,61.00702516674767
2012-03-06,44.133251918478486,70.48262090197817,69.10268664920493
2012-03-07,44.17035454933919,68.79992348139803,67.48656120413295
2012-03-08,45.018689647193334,66.18841363699944,63.0472972424438
2012-03-09,45.004042728544825,66.62358766093404,67.00935054896107
2012-03-10,45.75752571573781,64.57009506626581,61.57112759512347
2012-03-11,45.94993464510886,55.39375898642568,62.554921457243545
2012-03-12,44.95661569385918,70.80729174263368,64.64282906397176
2012-03-13,45.50955876586117,71.0780577268581,61.886759293767234
2012-03-14,45.269011809767704,71.81380804311186,66.05142385396124
2012-03-15,47.8238993277752,74.81930376458199,65.09397246544519
2012-03-16,46.55896090590773,61.475734968084126,65.98860539756525
2012-03-17,46.195144735300396,67.25659413330894,64.44572989958375
2012-03-18,45.80249978842368,59.2655365326695,67.4619207715266
2012-03-19,47.25650846915872,59.192916203060946,65.67393488590736
2012-03-20,46.46857912728531,70.3100809797892,65.56186230741716
2012-03-21,46.37716282281344,56.08836922047553,65.03194454855023
2012-03-22,45.08071359693467,58.746467127590414,66.25322094175445
2012-03-23,45.86013438524398,56.865830019023576,63.678717385449154
2012-03-24,47.94626830235041,56.04909590849624,65.00279777513015
2012-03-25,45.89057244850828,67.74959434197315,63.2305815393079
2012-03-26,46.226495719346005,59.6425225449282,66.32311948053469
2012-03-27,45.78348906006749,63.38524803555306,61.541689010909685
2012-03-28,44.41978460228308,65.16890553170717,68.3133246337998
2012-03-29,46.104326165471605,58.52352799578387,66.56239854248511
2012-03-30,46.621412772945504,68.98479531295614,63.14306368105946
2012-03-31,45.44502008875069,66.46084897780038,63.846197080371496
2012-04-01,46.55324434212396,67.10174245529723,62.70179710973483
2012-04-02,46.737430673455854,59.259987757627215,66.39784344022571
2012-04-03,48.691775351495785,58.06238628317833,61.86435142048653
2012-04-04,47.02316828898943,53.060911760410676,63.58674373925883
2012-04-05,48.32171470900729,66.88211822953431,64.28955470268431
2012-04-06,47.024898585692306,58.80543581568766,66.16027293245065
2012-04-07,44.78278147430205,66.37761168593343,62.060919060150425
2012-04-08,46.16396451920006,60.20509453888966,63.187095041272414
2012-04-09,46.128672344694486,68.70809131222585,67.86925521724409
2012-04-10,46.22708182325592,59.8716522982537,65.42104315458116
2012-04-11,45.59525648819117,65.9393912983929,65.92998647440973
2012-04-12,46.359989729918354,62.1754036251509,66.26977112232139
2012-04-13,47.90011474624421,58.62695163190731,63.72298727598112
2012-04-14,46.47773683323664,60.95082316243686,68.0851140992145
2012-04-15,46.44000135174524,51.48524536377294,69.166647188532
2012-04-16,45.26694615702368,58.99241905417614,67.50743090831365
2012-04-17,46.063817058677095,61.09403893946853,68.13585940131323
2012-04-18,48.88321758152469,54.19083911068206,67.32312564361683
2012-04-19,47.02406692848684,52.63707984167064,65.3567718890662
2012-04-20,46.0321891655679,59.802470846909074,66.38652618828611
2012-04-21,46.20771303377886,53.285110237233496,61.62068142417545
2012-04-22,44.82099969927194,59.623710636182246,64.5820834729084
2012-04-23,45.66158885317539,48.97288990875908,64.15455893549614
2012-04-24,47.00701053836813,59.637577078718266,68.20397921965628
2012-04-25,46.332091314462566,55.30042723381722,63.751461706565486
2012-04-26,46.56622793021822,51.984354908232525,67.96955267546561
2012-04-27,45.47908494042006,50.52718683194756,62.93343663192804
2012-04-28,45.617324302766335,48.22798072073195,65.42646875695718
2012-04-29,45.32469418865061,47.330916529190716,66.24535655052067
2012-04-30,45.61881244409493,54.4326312719232,65.58494560382678
2012-05-01,46.804242721212866,52.94445641427006,66.98092909007224
2012-05-02,46.71613600858932,53.68897027645998,64.29442599824637
2012-05-03,47.98672016592582,47.05503509700027,64.32061478695493
2012-05-04,46.56097113292328,44.65076171890717,65.281666136942
2012-05-05,46.32988518669718,48.57459241948798,63.55873571958925
2012-05-06,48.30362200000428,53.01562775846711,61.08533889356219
2012-05-07,47.639866095663685,53.648623588292686,66.56592511631442
2012-05-08,47.10224044095535,51.77239838680785,63.69908543858739
2012-05-09,47.31101264865819,55.688483068518195,66.01523439849916
2012-05-10,46.45432047603466,49.44012098071045,64.4100487734396
2012-05-11,45.06579376802658,45.211943762049536,70.37050930296756
2012-05-12,47.61534702755657,39.987042851254,62.800275550848376
2012-05-13,45.16590899535202,53.114534893859854,64.78834797361823
2012-05-14,45.36347708318732,50.091319787781714,63.640166588601915
2012-05-15,45.66434532499518,48.508843690410785,65.59233370125601
2012-05-16,44.45667580390608,59.312477087206915,67.53331937264028
2012-05-17,45.32595468901448,52.140147860305866,68.00894926085394
2012-05-18,46.18998160260661,37.01441373614604,66.55633295031055
2012-05-19,46.95081538634644,45.7320046044455,65.54232775023331
2012-05-20,46.275818144930746,46.75044418983142,66.3078667157413
2012-05-21,45.820567278434055,41.84348186171058,65.64686103828225
2012-05-22,46.33289325762632,44.22918316035966,63.03303267879518
2012-05-23,45.17172922110108,50.40101937901638,63.97410318097036
2012-05-24,45.61441749108451,42.23397603898168,66.82201779841813
2012-05-25,47.155475999987246,36.935641222897516,68.47522273869077
2012-05-26,46.19711845056001,54.25254907210585,66.4825467381966
2012-05-27,47.49235312168364,43.66737725948159,67.99699844666132
2012-05-28,46.712020486191484,35.21241259128703,62.936398294299224
2012-05-29,44.95495404123201,46.45781578341885,62.68366269000264
2012-05-30,45.196521085658006,38.181298162546234,64.3316337204575
2012-05-31,45.185172001438026,41.95062360459634,62.54083288335814
2012-06-01,44.45275778532491,45.228728251692765,65.17141993216197
2012-06-02,44.116797419252606,33.58563341295614,63.694785059343545
2012-06-03,44.31744903914339,42.078711391555835,64.42532226036106
2012-06-04,44.84841355596266,33.06335232618502,69.29834444640132
2012-06-05,45.72384515077197,51.41701458683585,64.74349543549435
2012-06-06,44.96541738071472,42.89195223041246,62.21644196109221
2012-06-07,45.23463091251962,45.47175504790325,63.805672503248175
2012-06-08,44.382826947655914,37.32591388989481,62.85294055669239
2012-06-09,43.50815751527803,29.93417062759071,63.16707987240041
2012-06-10,45.688592444177765,31.554234695326983,65.50359084539471
2012-06-11,45.41206966546734,36.036166782376036,63.3888995966632
2012-06-12,43.39874662092185,40.39194954843658,67.83144802145802
2012-06-13,44.06830822984351,36.382516467587735,66.23168693945294
2012-06-14,45.34530166982767,36.447375799849695,65.77370416692384
2012-06-15,44.64270862879903,37.73704676127514,67.52303045490376
2012-06-16,44.27520159261506,40.344659211758724,65.02565316434763
2012-06-17,44.56727098259811,37.4845612469357,65.78208439662932
2012-06-18,43.86260723213199,28.061078028091814,67.22801413446345
2012-06-19,44.82869800773732,35.630697855131494,65.26672001130265
2012-06-20,44.06813161211808,31.156805790151473,63.92666218299943
2012-06-21,43.29809691810171,34.084612760707486,63.75251267696408
2012-06-22,42.85817812825006,34.438628600419214,65.02343539688742
2012-06-23,42.78922937823215,34.74403223690563,69.07998454617265
2012-06-24,44.6630227945027,34.39861022950088,67.12512096889981
2012-06-25,42.733616552874004,38.5211665424394,63.3310410354441
2012-06-26,43.141664108362995,32.24926019497772,67.01951504525248
2012-06-27,43.71265429953858,32.97196852772239,68.37235631919894
2012-06-28,41.00061314842633,23.505127558274243,62.99642501844386
2012-06-29,43.02546234795169,33.69377365799514,64.56361618595504
2012-06-30,43.65439565443195,26.872912515171876,64.26478110656458
2012-07-01,43.184169539305955,31.815195042934462,64.11315920980758
2012-07-02,41.66989144302862,30.91417955746473,67.65397048478184
2012-07-03,42.24307975027562,32.991073127335355,67.87830314522816
2012-07-04,42.38060413866813,30.908932975134295,67.37356913499299
2012-07-05,43.81650922533339,27.144794122665502,65.35305000056692
2012-07-06,43.058320487133756,36.61174053268693,66.34443131699062
2012-07-07,43.945213572545185,30.967272029836646,63.931501110077306
2012-07-08,43.49421887783305,28.31557153815424,67.94742399245715
2012-07-09,42.96335814543628,35.825044441926636,64.01771342200475
2012-07-10,43.08921095245217,25.260777118215113,66.19470375527307
2012-07-11,43.236316547786835,26.436565224855638,63.03598445926284
2012-07-12,44.218807671033545,25.105012657489592,64.0864725228951
2012-07-13,43.68860113218435,27.977148966858316,62.640142466269154
2012-07-14,42.82286947133827,29.699686817457504,66.70633441775834
2012-07-15,43.56811477417737,33.99551601349918,64.46964103942045
2012-07-16,40.84676724195926,32.61597000015872,66.31149810980749
2012-07-17,42.7765511966968,31.12374432432125,65.88118257552482
2012-07-18,40.91162116778196,30.572351273273117,66.66978979828288
2012-07-19,42.66447578223202,26.667019249286795,63.96460423626467
2012-07-20,41.07548736949025,22.340627158869736,65.79701708537286
2012-07-21,44.731905448139855,25.216035991519366,66.19418653397535
2012-07-22,42.44284016653608,29.077617225536944,61.5054502748216
2012-07-23,41.28868457013288,37.55288543857452,64.4919906516459
2012-07-24,41.05854740696336,28.98767515862866,65.5313504704272
2012-07-25,41.32687761966405,31.18677127879833,62.53326124992179
2012-07-26,40.67855770666241,42.426739629436206,64.022502150987
2012-07-27,40.707306380066015,34.56688919360702,65.82786836781611
2012-07-28,41.556994474545405,32.309010183679916,64.64460084802884
2012-07-29,39.195224882878385,19.850962759241984,62.720184356465964
2012-07-30,41.75245655426442,27.62437522206432,64.72920555418004
2012-07-31,40.94207639015982,25.678130937346616,69.1974160958643
2012-08-01,41.44766226432078,29.486043725755497,63.03323206105917
2012-08-02,40.03008851566168,38.15989100026138,65.94255613210908
2012-08-03,40.6768854545361,32.62026482571889,69.72788669635273
2012-08-04,40.688897657061965,27.239780916411792,72.6957800086972
2012-08-05,41.31357345254959,33.94048331350853,65.20772315808239
2012-08-06,40.77675942821482,35.19526719750165,65.94938052639084
2012-08-07,40.951987888986565,32.68405525557029,63.001810007424645
2012-08-08,40.472428286361676,28.553571427458262,63.395465090145244
2012-08-09,41.80569106190629,29.87990899937525,70.59902086137853
2012-08-10,38.872967814818104,25.08089343843269,64.02230083392497
2012-08-11,40.2020274073751,42.49941624438974,68.0145978558812
2012-08-12,41.95828298060058,22.79853291333766,64.15461048348342
2012-08-13,39.25031969725674,29.26154205505215,66.81468699772466
2012-08-14,39.9658332438232,29.099786348833643,67.88417286430584
2012-08-15,39.90024535641011,32.373910467342945,64.38431335492885
2012-08-16,41.268608502101316,33.49325496769417,67.1560275589903
2012-08-17,41.142062749854276,29.443686276434754,68.82291098260993
2012-08-18,41.8411025266477,29.045654348211997,61.44548844720718
2012-08-19,40.06034966204104,30.651683284968666,63.017169281132276
2012-08-20,40.59210495651844,30.92980283364906,66.35585957868815
2012-08-21,40.28165436233523,32.02652108967386,66.613389463222
2012-08-22,41.32769532494214,32.24648026893678,67.03273175516865
2012-08-23,40.79672520724553,34.12528062828892,64.93281435162488
2012-08-24,42.921150930636166,32.16516373473759,63.51173131852424
2012-08-25,39.07056983870318,25.277294227592332,63.72777569625023
2012-08-26,38.37453596161233,25.59595296473264,67.33122068364354
2012-08-27,41.1249795264476,28.363520214605654,64.17394584656466
2012-08-28,38.86607778384394,30.53193573299861,67.41885636391618
2012-08-29,37.59108109169834,34.99815660002063,66.58960609515354
2012-08-30,41.02830683291874,40.37107888426341,65.27964505278644
2012-08-31,41.45904052028823,31.121008914297178,63.69124739990672
2012-09-01,40.22026951351743,28.95946752515845,69.9073228920139
2012-09-02,40.052771864508145,39.787747752696994,67.2478901636419
2012-09-03,41.00582844156546,30.123575297031792,67.6884854763175
2012-09-04,39.38156037524337,32.59622624648423,67.02523064392591
2012-09-05,40.33714353885958,32.549522502946765,66.95726663154295
2012-09-06,40.823272025519096,34.036310666254764,64.89161326810495
2012-09-07,39.3812520102377,33.237719190437275,64.74625818757137
2012-09-08,37.05060963638197,35.49614817201373,62.659419664376344
2012-09-09,38.97007677156559,38.17206588154061,65.28361141867829
2012-09-10,40.38218577953081,41.41999040250572,65.27635420598405
2012-09-11,41.01977603198899,33.53374335871096,67.04206340425404
2012-09-12,41.19500422986446,37.98545944620119,64.77050573887281
2012-09-13,41.250386220273796,32.24028798064781,64.65401850242955
2012-09-14,39.36395131036592,35.528926911599505,64.68655626063935
2012-09-15,39.34163916395395,36.38216837441487,64.22411079437006
2012-09-16,39.06126811425921,33.42778789063734,67.0237916198921
2012-09-17,39.778666254910775,32.861293395287895,63.59380208908191
2012-09-18,38.09999093117931,40.140069264055704,62.13360167088946
2012-09-19,41.11770479795009,35.5421509105018,68.6408684912284
2012-09-20,40.06061603720921,43.396902040990945,64.04480910092039
2012-09-21,40.137582896252894,34.43472702232371,64.3488362903136
2012-09-22,40.323050894159714,27.944020012300072,68.2941178277544
2012-09-23,40.53709154361158,43.91608833469361,65.85747806355768
2012-09-24,41.65715036727921,42.41485510977531,69.26633288570802
2012-09-25,39.53325490516785,42.25489991463849,67.32544463036432
2012-09-26,39.21395623736473,36.93005689906982,67.03307070387025
2012-09-27,40.748079302315816,28.29084084847706,64.59764521852819
2012-09-28,38.49645373234999,37.94371141522547,64.59947979988905
2012-09-29,40.72658126979079,42.132504798263355,65.60972818889823
2012-09-30,40.29873035884629,38.5338740804213,65.98267483635746
2012-10-01,42.51651844333687,44.44293186733814,66.21465203685013
2012-10-02,41.08282844502915,50.377581873096894,64.29002458970717
2012-10-03,39.64449519188656,46.69386987702738,65.9427224437429
2012-10-04,40.108080929004,48.00583643699591,67.94435913838524
2012-10-05,42.41617551829914,41.46601473563691,65.65860630780809
2012-10-06,40.848521821470285,41.88548464014671,65.56251886132478
2012-10-07,39.970790837607176,33.078410570460136,65.5454951021982
2012-10-08,40.96107598454435,33.607010075353664,70.04577823055844
2012-10-09,40.48059231131678,41.833036044855376,62.66599936204169
2012-10-10,40.506329503487706,38.37231003582626,62.91758414610323
2012-10-11,39.8645728081534,37.499002987101534,65.04686290897727
2012-10-12,39.58108093410276,42.1380660862946,68.32789662660292
2012-10-13,40.795152629270866,41.947634652407906,67.86273436968757
2012-10-14,41.801762371387476,40.90580677906735,67.31740379590984
2012-10-15,40.33468117051385,42.61999316080071,63.832845429801
2012-10-16,41.408928467026385,46.16077637761768,65.04904945670191
2012-10-17,41.257585687672,33.76322765410704,65.76528409927644
2012-10-18,41.11440098620985,42.24975157970144,67.58073815859713
2012-10-19,41.61048067466551,47.69687246724599,64.86827244283204
2012-10-20,43.69443643097954,50.095611525292874,64.68806078904878
2012-10-21,40.98653070740867,43.165457337846,67.50004469819858
2012-10-22,40.19107966558973,45.86447038618591,65.86198597283028
2012-10-23,41.13614990578288,55.770691063774265,68.0854801632258
2012-10-24,40.224803093240865,47.17336532582498,64.29018645727888
2012-10-25,39.77283690305019,39.51791097698269,66.05327293430197
2012-10-26,40.82891111132763,52.31807384710809,63.925377030256726
2012-10-27,42.32251842490828,45.290530889170135,68.4473767782268
2012-10-28,40.7878277312857,48.41395436746252,64.06084660648416
2012-10-29,41.24160213962365,49.18897366142113,64.94337111771509
2012-10-30,39.32003060765735,42.98534615092088,64.49916400988742
2012-10-31,41.38962265500295,41.20826190382773,68.75862577398094
2012-11-01,42.019268953127096,53.78278106063694,63.68920792129905
2012-11-02,43.01007685683599,49.89636294426186,63.14124503108851
2012-11-03,41.08735532015695,53.85014303107261,67.22469689154408
2012-11-04,41.96797447784682,49.50883992979764,64.70122247081682
2012-11-05,42.14612083846133,44.86129161577892,65.10038367942555
2012-11-06,43.46076351339111,49.08258435943997,65.23653199919788
2012-11-07,40.423357946645424,50.53167727598646,67.2974253866038
2012-11-08,42.03771105332577,50.7414498420099,64.75853304285688
2012-11-09,43.04264898409809,57.319334523553714,66.68816965570153
2012-11-10,42.55165223545177,52.81657407682842,70.23424358045665
2012-11-11,41.8044068987517,48.46105737983196,64.57400191367093
2012-11-12,42.47859282584552,59.98175683191938,64.69527507752603
2012-11-13,41.23523841615489,49.51455871443396,65.02171698427877
2012-11-14,41.624323961959014,51.78111749559735,63.77501958851227
2012-11-15,42.77258830509912,46.962363125960756,66.56804053943473
2012-11-16,42.891978409788486,60.08367126528203,63.29829784844146
2012-11-17,42.11716835063321,52.19670624661432,66.33727782054301
2012-11-18,42.30545314082484,58.53098569130544,65.83057540800577
2012-11-19,43.59513314365804,68.5757010031082,67.2515994030085
2012-11-20,42.93738434314459,50.19345429483211,66.28302643915389
2012-11-21,42.715111682666894,56.15707802208857,62.801512768876066
2012-11-22,42.23071886274571,56.82445753803881,65.3165556183509
2012-11-23,44.48897230079229,63.144770972505995,63.61715395864822
2012-11-24,43.415485873159454,50.079209670331856,64.6526033988908
2012-11-25,44.199596346409585,64.82937843482502,65.57541214997393
2012-11-26,45.07885584070565,52.123912337097615,68.83128465055533
2012-11-27,42.783435674221884,55.89630964817735,67.26494824250355
2012-11-28,43.804981555455456,59.059372664177296,66.33642022972876
2012-11-29,43.52812374811273,53.53771252941189,66.24193748094314
2012-11-30,44.006761743930355,49.3503615497232,63.80977049324106
2012-12-01,43.82832352833675,65.62843857883293,62.632167999012
2012-12-02,44.38034704253791,57.938166238753055,64.00476884819463
2012-12-03,45.16079830592254,56.499928228004265,70.98075680292742
2012-12-04,42.852022032908664,50.33131864609923,65.62176883566737
2012-12-05,45.049974638796115,67.44791434497152,66.75909174630566
2012-12-06,42.363068373623776,57.57376923192015,67.426590115051
2012-12-07,45.484022338544605,60.0773241135821,65.15156268407264
2012-12-08,44.91052947779144,59.864813764739104,63.85371045485454
2012-12-09,43.67763667821022,65.31932924290088,67.62758362503274
2012-12-10,42.388625475307435,65.52829648388814,64.21405785155328
2012-12-11,46.82136330102403,68.37255185109137,64.88477895929485
2012-12-12,44.653688564720404,64.86991707520104,64.91264911112239
2012-12-13,43.9209149650722,57.31193423667699,65.439564742447
2012-12-14,45.935922417383786,56.27771121276574,66.86613360945847
2012-12-15,45.549364332592965,60.24175567378464,64.69690208048851
2012-12-16,46.54741537358116,66.5535419045422,65.6766765886931
2012-12-17,46.29584905717243,65.34077710593303,67.11731793862558
2012-12-18,43.93408283939259,61.94089025450107,68.25210147241049
2012-12-19,45.97975856143962,72.14776702081748,66.75561777558596
2012-12-20,44.99092862227802,63.598301468937194,64.05376687752708
2012-12-21,47.23254197289204,58.425682398807474,64.08248437531923
2012-12-22,44.946548022625855,65.36458968367226,65.04141454190676
2012-12-23,46.17511916270284,62.896847765190024,63.79558002067345
2012-12-24,45.932070848004045,64.84070248136875,65.73710243843519
2012-12-25,48.17963623739587,62.80718642678115,65.0037172647533
2012-12-26,45.48769713000959,66.91010794066051,67.29995008101905
2012-12-27,46.250986960788985,69.78528734580145,64.24603803375821
2012-12-28,44.83357108686112,62.99104524040157,70.3566329241686
2012-12-29,46.944664232723625,68.17197006252103,67.20072920896351
2012-12-30,45.79628569470783,72.27194623497999,66.5157921181347
2012-12-31,47.08782524865988,49.535514737482515,65.1938255851471
2013-01-01,45.83279360083589,64.49620166036173,61.194245866312286
2013-01-02,46.409572885052384,60.05707070907897,63.541790185227555
2013-01-03,49.201855717078345,77.45331344841588,65.94194043116141
2013-01-04,46.80208670508204,71.58299469649944,65.73187188580187
2013-01-05,45.49968353980692,79.0967051224337,67.15167939343802
2013-01-06,47.411917526188695,62.02726825381575,63.49997043611385
2013-01-07,49.26632864405538,67.85904750828371,66.71376336507576
2013-01-08,48.99977233975273,71.6084172379706,64.19402543568611
2013-01-09,49.060554197346214,68.29554037344617,62.79768359889438
2013-01-10,48.579952762457246,64.8522326924541,65.2456304640715
2013-01-11,46.622284051592395,72.48561689375475,63.01022368613637
2013-01-12,48.07059833706062,75.64901005362348,64.51038730320496
2013-01-13,48.90498741177591,67.20100317299566,65.51272945272373
2013-01-14,47.715425797526684,71.61823697605283,63.83524845650176
2013-01-15,49.526279946849904,58.17372121674426,64.99059610941946
2013-01-16,48.08026202996818,69.22201482385333,66.17621573895765
2013-01-17,47.791917999586005,69.45322864693458,60.389538231094576
2013-01-18,46.98480371783401,71.91883330914729,64.9253035401181
2013-01-19,49.18394751178489,65.12518310797532,66.75153745909321
2013-01-20,49.822465087954455,77.20806254267382,63.95693743097579
2013-01-21,49.362211780333475,69.41823821528357,66.65458542088237
2013-01-22,48.29861146775757,67.64163015840045,65.62046649497547
2013-01-23,48.231197900101265,65.37899931089625,62.414486534462434
2013-01-24,49.613708332983926,63.07467839363112,66.78525628087228
2013-01-25,47.87590808409785,72.63205328291332,63.02845333349835
2013-01-26,49.51008967045702,63.03066975593113,63.459578958185034
2013-01-27,48.752850431571204,69.69308909231577,65.87399522959682
2013-01-28,48.778300013994404,74.47004438666275,63.83691581770041
2013-01-29,48.686473007326285,62.448731172783766,66.51770744501067
2013-01-30,52.05288259468534,65.5730944265205,64.22133279105255
2013-01-31,48.01634538140966,68.55989493994718,62.766160830803386
2013-02-01,50.10677164256928,64.08966109495546,64.90040344144982
2013-02-02,50.55037321338311,70.39174745709863,66.28181891120695
2013-02-03,50.9717636616458,79.53253264794216,61.130220099268115
2013-02-04,49.93099842481097,71.71692648311479,66.6404699540311
2013-02-05,49.993351860730364,70.33185597432099,65.1957658181524
2013-02-06,52.597298202825904,71.53619898730507,64.16046893345528
2013-02-07,49.86405487966493,72.64121156759334,65.3616375040736
2013-02-08,50.29327274926444,64.35383201712064,66.31483663309008
2013-02-09,49.319157061190744,65.90750060441312,65.95307609210577
2013-02-10,50.76736567558147,72.68852814957673,65.59775618122774
2013-02-11,51.771050401807706,64.28147578929209,64.05031599042863
2013-02-12,50.301536376213626,73.17179570949777,64.65181738857486
2013-02-13,51.38004259246053,67.8571058058997,61.02082309537812
2013-02-14,50.5573863118854,71.31096534490852,61.87577848218351
2013-02-15,53.061647369923506,57.18040921521615,61.27668392230229
2013-02-16,51.47387528941302,63.86620617023475,65.4750911587485
2013-02-17,50.02795043392725,69.00504895835984,65.96848761856866
2013-02-18,51.74625351004645,71.39854167515733,69.00821043234829
2013-02-19,53.04830501868124,74.10603711652537,63.17585493093383
2013-02-20,52.262945578206526,70.44824782932717,66.08036560766321
2013-02-21,50.13353114352555,60.76747356944911,66.32403080415126
2013-02-22,52.14131444096612,74.0657359096332,64.13542637983714
2013-02-23,54.47419915064715,65.50344095052591,64.75601250842988
2013-02-24,51.8801129823953,63.09364327877178,66.6282898696186
2013-02-25,51.73303069782132,74.68148041593645,65.4999557099211
2013-02-26,52.9253027850046,71.85835760904173,64.05241928901421
2013-02-27,50.717081838651225,67.55114418452439,67.73805663622781
2013-02-28,53.167308160380415,71.65762088506705,62.37298750853565
2013-03-01,52.58531766358472,67.18426464614825,64.87386260728853
2013-03-02,53.026993389244254,66.71372015874351,64.55389653906688
2013-03-03,53.20721913293248,61.542863378899725,63.75101921402499
2013-03-04,53.3715381673465,67.73875255306805,59.45868758843108
2013-03-05,53.68822815391239,76.83372750905582,65.22198753085047
2013-03-06,53.13197678838645,64.15804806990336,65.84498095284077
2013-03-07,51.15509588190418,67.83340069493518,66.28510358880787
2013-03-08,51.79992118029024,67.85046796071512,66.36128675416155
2013-03-09,52.66289506922259,62.791869664534445,64.77027758332744
2013-03-10,51.97413793886207,71.4642683723201,62.016479585152226
2013-03-11,53.07072882655519,62.416636461153566,65.85478240231934
2013-03-12,54.08907491599597,60.922685999024885,64.83012861225427
2013-03-13,52.4596359977184,73.45593200984337,63.33709314613911
2013-03-14,52.451639935196084,65.68270075022069,71.31227029069517
2013-03-15,54.541874079299,69.605549924209,67.25161007508112
2013-03-16,54.55656396409092,75.02337264813369,64.7510604592998
2013-03-17,52.13478969070398,72.22771530531509,62.42827940374408
2013-03-18,53.50994422174407,63.077767335080146,63.29008230282458
2013-03-19,52.98867859152677,59.87658301224088,63.349026658802096
2013-03-20,54.51127171917189,58.5391558794122,66.92655824324626
2013-03-21,53.1067829629085,71.50685236429207,65.11820474131144
2013-03-22,53.2994154728445,64.22322161314771,66.32255795522609
2013-03-23,53.66643087289141,63.68907135788226,66.55891615644806
2013-03-24,53.6343326436278,71.17787876387322,67.11921150253801
2013-03-25,52.59989825431405,63.61478001818096,65.23163882587798
2013-03-26,53.08365837806004,58.54591401933068,66.9882291500032
2013-03-27,53.307647626367995,61.15790830981899,63.95208097991432
2013-03-28,54.672467665875004,69.33580200832287,62.78421702291074
2013-03-29,53.83753960477955,68.52281433079015,63.875083058315724
2013-03-30,54.998320100420415,56.3226097023721,65.03722877547114
2013-03-31,54.772836413061896,61.93463930407357,63.77962463532426
2013-04-01,55.36464745487804,59.65788043272302,60.43310050195494
2013-04-02,53.67506556903815,61.44168027033692,64.44707517370522
2013-04-03,52.96227760591756,57.61239606687806,64.8726838956451
2013-04-04,54.20285053329236,60.10188860811909,63.016361375669476
2013-04-05,54.913066901305655,61.94824904566338,64.40371880506866
2013-04-06,53.99868090857785,59.65429254567516,63.03942059096059
2013-04-07,52.73484197649406,55.01040000336185,67.92569360852342
2013-04-08,52.7262773435188,41.286542485276236,63.913073389629005
2013-04-09,54.010250791781196,55.08096628616067,63.63064961607668
2013-04-10,54.98942316180723,53.2740233255461,65.36107641931783
2013-04-11,53.78898387949999,61.10774221136182,68.07154160764154
2013-04-12,54.283677808194,64.55323448811455,62.06648322432586
2013-04-13,53.401831594852496,60.408301092453115,66.54732467237822
2013-04-14,54.35248413379202,64.74268164294881,64.53465308195828
2013-04-15,53.7031584888613,62.79066787606549,61.01672179207478
2013-04-16,53.20730150046787,46.777631193799124,66.26561369418636
2013-04-17,53.74022776375766,47.0865606272711,65.3429499896367
2013-04-18,56.036717351996224,55.27522051552267,64.42118530943847
2013-04-19,54.286245096316975,55.79473072036249,65.26580604337536
2013-04-20,53.52389468110356,55.23207845885453,65.34782086727137
2013-04-21,54.097899097760894,56.6012313434081,65.56810320425922
2013-04-22,53.141294495821775,53.024032696025934,67.18819756258517
2013-04-23,53.81229527329689,54.7807127722317,67.01765229560014
2013-04-24,53.992896989598584,54.99530459275123,60.88621396381258
2013-04-25,53.738386865602514,63.50518577455424,65.28147189349627
2013-04-26,52.679248667752425,56.5827653528998,63.01408344608783
2013-04-27,51.70429316963163,51.76687527434568,65.06437537635223
2013-04-28,53.90548854816845,56.33526337065013,64.67471052610705
2013-04-29,55.276325640190855,45.44102440733685,64.82427971909348
2013-04-30,54.013003373609166,55.0119428737352,65.98353724001853
2013-05-01,54.15900056381949,54.50130976364589,66.507967286499
2013-05-02,54.66953263601189,45.34852916581453,63.551957066798764
2013-05-03,52.019413071010874,58.335390606367945,67.08160420607233
2013-05-04,51.49806739189286,47.6283182061082,60.71096319288924
2013-05-05,53.6943720708371,44.34820458349647,69.0851152976662
2013-05-06,54.35870764774319,55.104242816330135,61.81517710647401
2013-05-07,52.5302135558469,47.75155697289205,64.27376787504498
2013-05-08,53.6491518383868,41.499078831299364,66.50850953291751
2013-05-09,52.98069580509913,48.7919773219015,69.14961672190522
2013-05-10,52.727420652231984,51.862765040711494,67.09475965812139
2013-05-11,53.18691880530228,55.11870124328603,69.12189568008547
2013-05-12,53.11508949058921,48.6518012958153,65.10089110260921
2013-05-13,52.745886714561074,50.39873820828151,64.13501218807825
2013-05-14,52.74018241808926,53.21010713021824,62.751014153736534
2013-05-15,52.827085748198925,39.51628986462245,63.620448347265416
2013-05-16,54.58057429485761,45.54413871954582,66.714714037457
2013-05-17,52.78030915500451,38.09790755852782,65.98952203253123
2013-05-18,53.4311538430403,50.17454344606208,69.7580342081599
2013-05-19,52.61468396290117,44.76150447613825,62.73653290269868
2013-05-20,52.104495009760264,42.9466303903368,67.94355711798791
2013-05-21,51.79383166232841,44.78849908368684,62.84243892860275
2013-05-22,53.95802611194974,45.01032363060953,65.69345087273992
2013-05-23,51.59653382807137,33.63123350531504,66.8392109705011
2013-05-24,52.560390572608384,52.48727468658237,66.67317871318375
2013-05-25,54.47843568975471,41.9372097447334,62.28249887562559
2013-05-26,53.42894593661063,48.26173816715603,65.1130860748605
2013-05-27,52.38774746705279,44.966973995030095,62.4525295738794
2013-05-28,52.26953707556277,36.81901697902712,62.209413323303394
2013-05-29,52.29119611931722,48.28467622142958,66.29157648872017
2013-05-30,51.771029320411365,41.03047705183551,65.2692734155344
2013-05-31,53.51721684549565,41.75191880836617,66.11159093288774
2013-06-01,52.49182605743835,34.195495909317785,62.96356585207122
2013-06-02,52.972103554866386,39.12317899498788,64.19385797774848
2013-06-03,50.72827352291726,38.095357320516705,66.3144003652637
2013-06-04,51.605928988246376,32.20996646797088,66.69801142263623
2013-06-05,50.26659660206561,46.414248736420234,66.5033119702574
2013-06-06,51.47447255906112,38.378228724027245,64.14977959027559
2013-06-07,52.44618466070022,23.643588813529487,62.29829654507853
2013-06-08,50.73632293640384,34.71462434513342,65.69576411132567
2013-06-09,50.28134567322351,43.5002133098135,64.80126140031783
2013-06-10,50.123909893078974,36.66710500755928,63.944640716360716
2013-06-11,51.9183344862411,46.98920631661666,61.95886543581412
2013-06-12,51.85794725111631,40.780606054568246,64.37626632332446
2013-06-13,50.13860142139362,43.996452170544735,65.03779958565556
2013-06-14,51.766595310268016,40.88781187433508,65.92648874600222
2013-06-15,51.89465449138011,42.2176341419531,62.20960190759052
2013-06-16,51.21953217452502,26.420142743958735,62.40005623036711
2013-06-17,51.58714441185328,38.01178019993979,64.90354564105043
2013-06-18,51.161780637484775,45.056274945854234,63.743452079307424
2013-06-19,51.42527782215602,34.879859026798535,62.77435844302821
2013-06-20,53.82085786451122,28.572926121014486,68.17615173107005
2013-06-21,50.098731604530926,38.35663256168117,64.82448770777934
2013-06-22,51.969861788706915,29.203313415460986,62.667958399312255
2013-06-23,51.178813147551246,31.847292163661898,65.93170270547402
2013-06-24,52.97723647694217,36.65856496386767,65.81529555532481
2013-06-25,50.12461269726063,32.538995605556956,64.76241287273092
2013-06-26,50.34776402882655,27.68065317924495,63.716527210589994
2013-06-27,51.928652726543646,36.83851417306044,63.897871262662434
2013-06-28,49.590954137600825,25.34742097260755,65.58828860664521
2013-06-29,51.1149206838269,31.717317837554113,65.88359375383331
2013-06-30,52.39193981226519,31.1547711756504,67.32012906397973
2013-07-01,50.6391270892538,29.010513658446587,63.73473361166973
2013-07-02,49.879935427787274,33.173226494806784,66.63435461942869
2013-07-03,50.644428488323825,34.45002042279579,66.26449330448999
2013-07-04,51.63590415477268,25.62301706994634,62.92765853128691
2013-07-05,52.020024217703515,38.510265203498875,64.26005043208936
2013-07-06,51.040588392663146,33.324833622681595,66.11919497981108
2013-07-07,49.272006518101136,29.440643596039664,65.58050040382227
2013-07-08,50.61935930748052,29.777312084018398,63.313449375030096
2013-07-09,50.44760353917915,34.479375233449105,63.13545667421101
2013-07-10,50.12362092136744,26.822499267985712,69.31088180543037
2013-07-11,51.95751437030649,37.518379857275036,64.33323613424488
2013-07-12,48.34811264880089,33.04819358250191,63.350982406253436
2013-07-13,50.571613479730125,26.166085268379362,60.35114917265515
2013-07-14,50.881521431037434,36.810855406581446,64.34131139312106
2013-07-15,51.451268165367665,27.517253829768077,64.12319430672659
2013-07-16,50.44027837933602,28.86765142518996,64.56402962562998
2013-07-17,48.959646041317825,36.78708649451539,64.33970353588977
2013-07-18,50.44541798363579,28.473031956612196,63.89012626573571
2013-07-19,51.05980191153882,38.28615993925554,62.87947629594805
2013-07-20,50.19612078664127,43.19967371034677,65.65910940886506
2013-07-21,49.24967292574508,31.9880776686542,68.30827465672
2013-07-22,48.34212652377198,31.051089474018635,64.00088586415791
2013-07-23,49.790829995958,22.30367706334205,66.95285056337289
2013-07-24,49.71761802078768,35.88982630597525,62.40803511490739
2013-07-25,50.931610043532665,13.451639503607499,66.92658133951656
2013-07-26,48.43206105710636,36.208984622206565,66.34393818772578
2013-07-27,46.350758109091394,32.900574714449846,65.58491691658172
2013-07-28,48.79029594298225,24.770144458056343,65.53389691055222
2013-07-29,50.91956972013674,31.95183476224664,64.10687516488136
2013-07-30,49.042703134268415,39.41105956969325,61.575739809654124
2013-07-31,48.38015768176534,29.369383056480185,63.637097991879166
2013-08-01,47.05384672651914,25.035148743849746,65.658557165892
2013-08-02,49.218169641567734,35.34474006589762,60.39131238162539
2013-08-03,46.67992435526878,37.9041797477945,66.26379137424074
2013-08-04,48.930022283232034,27.85871689912934,65.16612589472803
2013-08-05,48.714081775802136,23.81781047604136,65.90779278436972
2013-08-06,48.21470773033523,32.503013681022026,64.66530776359463
2013-08-07,47.378506086910285,28.90846912334397,61.196154169016054
2013-08-08,47.87878802953277,30.15738032312324,62.82306200585266
2013-08-09,47.3360742269151,31.354353584984725,65.78192693420664
2013-08-10,49.47719641025642,33.89098746467254,64.96454319561407
2013-08-11,47.0900779257286,32.90418142381713,64.91964822612496
2013-08-12,48.4854354446914,30.94347572455399,64.35433940284575
2013-08-13,48.383127287157556,25.20030056127137,65.87817121143742
2013-08-14,47.79765470429708,21.11705487937173,64.94841872961379
2013-08-15,49.23375968179294,30.170603341468162,63.77161659879964
2013-08-16,48.69081972023835,37.72901668443576,61.93668282088023
2013-08-17,46.52515242023623,40.13686679732489,64.93645509925658
2013-08-18,47.495276166686736,29.33557557308688,62.957404081503135
2013-08-19,48.72535832820904,27.20696874810846,61.510390949234846
2013-08-20,49.07988494731271,16.852167970979323,64.402924398272
2013-08-21,46.824525729068,28.82340947686436,64.95273859430243
2013-08-22,47.234624294929574,27.524414042402267,63.73842461580596
2013-08-23,47.741057741280116,21.410659100750586,67.6769324844714
2013-08-24,46.08112670219437,30.890263519036395,66.6361052974134
2013-08-25,47.320514252402226,19.296627737414568,68.16506960353423
2013-08-26,46.70481688998874,22.093666297978086,68.13742951871582
2013-08-27,47.73466270285699,32.33511219503904,66.49828182181562
2013-08-28,47.350118127869095,26.59389511053605,66.14334124328515
2013-08-29,46.59237101194613,37.348118986667885,67.12928559162425
2013-08-30,47.84195253767337,24.67810457000025,66.07117653510714
2013-08-31,47.179698814056906,35.80369290821131,65.29679145454155
2013-09-01,46.69935197651157,34.357271665467465,67.85540733283763
2013-09-02,48.65110749069407,27.484438806128804,63.45635747620786
2013-09-03,46.306927520919274,34.0332339649997,65.67195206826807
2013-09-04,48.239832616784774,36.1741291659941,61.19195281547361
2013-09-05,47.891748271354466,39.97243504931105,68.28701293373396
2013-09-06,45.95246738907467,34.899578391666694,67.62636289415228
2013-09-07,49.251810715844584,28.868933712900954,61.36860913065837
2013-09-08,45.81081211963661,24.476216363485886,63.312815863855555
2013-09-09,47.161162728194164,33.7190707553764,67.38153115672606
2013-09-10,46.405167617710326,33.25839118054454,63.42647674247497
2013-09-11,45.53278092850627,41.38145456458728,66.94375857829962
2013-09-12,46.625040630937725,35.604356912356906,63.40124302220315
2013-09-13,47.02412502811754,23.32379455936693,67.00786240044127
2013-09-14,47.09887821014746,30.51155060021994,68.062915000684
2013-09-15,46.01803411630698,39.57783709861871,62.552701123012625
2013-09-16,47.36135544560122,37.00664851217626,62.101006299829955
2013-09-17,46.02588702987501,43.08571098020707,64.95909404073258
2013-09-18,47.22966612955146,39.023629003258876,66.56642206290677
2013-09-19,46.72828009180443,36.97064043467559,63.664946748675185
2013-09-20,47.59869352948441,36.92973369533533,62.78355645121438
2013-09-21,47.89287262360936,44.329548598769975,65.77981690699512
2013-09-22,49.18273549175427,41.05522818772294,67.45530909139175
2013-09-23,46.962621527058396,36.78678721355018,66.32946072222602
2013-09-24,45.94845357783147,41.93728381162382,65.90028466369814
2013-09-25,47.65920338616351,40.58148857087846,67.37631604564191
2013-09-26,47.399260692453346,33.60434624894449,62.205075696546274
2013-09-27,46.79816162746382,34.532722698875055,65.32547392513162
2013-09-28,46.43223111726385,33.19420125034458,66.48870796771891
2013-09-29,47.87665212314476,40.58727950117994,64.25943368276516
2013-09-30,46.03490796249431,30.341051789077902,66.02893874859129
2013-10-01,45.952507313930575,39.40137969053345,69.16697905815234
2013-10-02,47.021260649967324,32.93311063148529,65.75955980756613
2013-10-03,48.177168496837346,36.222662994627775,67.96990471760782
2013-10-04,46.504628232443864,35.76179435463369,66.05087114467486
2013-10-05,47.15344737017597,47.50437970088864,67.28746837756358
2013-10-06,48.511901478403196,39.968385924221444,72.91511142118965
2013-10-07,47.88563962342722,33.820577650778,66.39997167758098
2013-10-08,47.05058456313855,39.179626525966086,64.32188223918153
2013-10-09,50.336708077560786,36.477121246303284,62.79108848333953
2013-10-10,49.14374873568011,42.05491303027565,69.51413921289065
2013-10-11,47.82152192278361,47.89087529085633,65.71920726315835
2013-10-12,49.472163673403664,44.07573089653977,68.51839377088035
2013-10-13,48.510533379545606,41.16383195988173,64.83249149496578
2013-10-14,48.503813150326394,42.99417782226647,68.12875049392817
2013-10-15,49.477154314605094,38.06030695321755,62.500263829509784
2013-10-16,48.394135577192465,45.62566428212191,63.368773245539394
2013-10-17,46.766032527874664,37.59126062850319,62.059628898846725
2013-10-18,46.93416173925745,43.75303182720205,67.97456128176016
2013-10-19,46.944314281706134,47.78105527201851,67.24808332019145
2013-10-20,46.04642918085957,40.294661720922676,61.729158834581966
2013-10-21,48.80111853965918,44.249006093717135,65.59989611830748
2013-10-22,47.99273289981314,39.237106555998366,61.98826576764302
2013-10-23,48.61585466940002,38.76683526139818,63.971469594869575
2013-10-24,48.32349836318524,50.75032479978296,66.79257258006453
2013-10-25,48.40355804542032,40.781440350172005,67.25733477559727
2013-10-26,47.74368298821802,53.053585806672395,63.11045112014033
2013-10-27,48.36982102157428,43.319484946084664,66.30458408155586
2013-10-28,47.49620304130886,49.3060193920424,64.12924559599941
2013-10-29,47.63968844441995,51.43666305512691,63.335802565661396
2013-10-30,48.26802924756173,56.91147423520902,62.881957372112836
2013-10-31,48.95798032844222,55.127033777169615,67.06498451434076
2013-11-01,47.467147701617925,52.452992598868626,66.60605329544761
2013-11-02,50.30776274759865,51.24679962041747,67.0294359099035
2013-11-03,46.748771088570265,50.68302049740893,65.11745195663325
2013-11-04,50.461050271140486,46.74470865797829,64.18061795880485
2013-11-05,48.34467996936065,53.73673587826259,64.61463554359472
2013-11-06,47.78033919947607,58.21484134636542,67.74293521975635
2013-11-07,48.928297021465184,50.37897386352244,66.89727828468634
2013-11-08,52.01054610320434,51.14030692436153,61.79263185489889
2013-11-09,48.1037762650876,50.302433861827964,65.03059752418903
2013-11-10,49.957025351581606,58.70158079308941,63.33942123390308
2013-11-11,50.454531057626916,52.57110919779702,65.53222868166417
2013-11-12,49.11282750951515,57.15339788837964,65.3626374955546
2013-11-13,49.343882007129714,51.84260160071766,66.0662943192241
2013-11-14,48.438487606789764,52.20438600419357,64.4208784785479
2013-11-15,49.74231583454744,48.874671799357465,67.84306467530884
2013-11-16,50.16388130112081,49.61631816661826,66.3503879506833
2013-11-17,49.8042301112963,51.22166956402837,67.88454117226902
2013-11-18,49.12800062629607,57.27241867743764,62.70288401891391
2013-11-19,50.5346025548832,60.46526592204965,65.31544037501547
2013-11-20,49.95975053346686,62.2486240612967,66.17014373006522
2013-11-21,48.900942538846486,60.94493662707636,64.4969948710497
2013-11-22,50.304467234793854,67.1644855541524,69.4313635283044
2013-11-23,50.91948687679828,59.75484611095464,66.62447593129005
2013-11-24,48.38121842481502,66.83109406357661,65.44956431541713
2013-11-25,50.823648422103496,69.9967580859241,65.45084605854024
2013-11-26,48.785667906831065,48.796891736600465,62.71387306427607
2013-11-27,50.58324797372671,65.93036980946668,65.20092624823607
2013-11-28,50.86869032361763,62.72484336938815,67.34044234857343
2013-11-29,48.889271143695225,71.38578492990766,62.44394276432424
2013-11-30,53.17257275911576,60.520461835426765,68.02749097973572
2013-12-01,50.998743562540895,62.48097456050851,67.10125789397537
2013-12-02,52.06652174251375,60.692059143669226,63.45260694032612
2013-12-03,51.55313610079001,56.46710326486228,64.55213597496744
2013-12-04,51.94055633442032,66.44110778622117,64.3339527002137
2013-12-05,51.078397867242415,65.77966937870951,64.49328776326057
2013-12-06,52.483968775065385,58.195996752787636,63.39642209093229
2013-12-07,50.73456285901461,70.91322913900697,64.21066129785984
2013-12-08,54.63227261234743,59.3139159114086,66.529497379488
2013-12-09,51.56889038913652,55.69891426844001,63.320248710895406
2013-12-10,53.16641664675615,67.30024526418977,64.85548090664145
2013-12-11,51.0961124870037,55.923917426730576,70.55527020141483
2013-12-12,54.53407366318031,58.967634386818375,61.03419847480684
2013-12-13,51.026143518016056,62.18614110682392,67.58963251251127
2013-12-14,51.1965591880388,60.82295554181355,64.18730548468407
2013-12-15,52.55483290758848,67.78413816686155,66.23658296029627
2013-12-16,52.67950887571149,76.45039897265457,66.33530192152641
2013-12-17,52.60914271093084,69.36677740878241,63.84067606688903
2013-12-18,52.644432222154045,59.82076763859797,63.40123017802902
2013-12-19,52.317794687053,75.19499753272933,62.37555971739179
2013-12-20,54.16127651330662,66.1023619977999,65.55966115924087
2013-12-21,51.79000369769675,63.22880092013545,68.18598110736576
2013-12-22,53.37723953888026,56.51807717191401,63.94091205351874
2013-12-23,54.327763263244435,66.53008265490044,64.65101374027154
2013-12-24,52.95503544649715,67.71948326058411,66.29325545258067
2013-12-25,51.87197447536944,61.623698048961266,62.59964776848926
2013-12-26,51.18556761483917,74.40336602301835,62.59075122913713
2013-12-27,52.12046163864367,70.07071610219636,64.711309500069
2013-12-28,55.671428821677594,71.55955509131289,63.81389049246329
2013-12-29,53.523211923497115,68.19188273905291,63.30311826183045
2013-12-30,54.94884554436366,65.15502305283151,65.64268303198823
2013-12-31,54.1685970076118,65.6049400244784,63.12715772132131
2014-01-01,52.21239812879126,68.86048490905172,63.07844587254334
2014-01-02,53.610422216458865,67.25691495312392,64.59601520533634
2014-01-03,55.9421987389508,66.11012432964156,65.51722953918457
2014-01-04,54.247985317690336,64.25381709007053,60.71737643175257
2014-01-05,53.51937687908836,61.92286129171754,63.4769930559097
2014-01-06,53.51245042883741,65.56209770977866,66.6406382662143
2014-01-07,56.79843051745835,72.32479030193153,63.94254686354722
2014-01-08,54.317381944667744,66.41109151555676,64.75427700255928
2014-01-09,55.42948997549465,72.65555939829571,63.75753668076476
2014-01-10,55.18226867559643,74.93475547534933,64.91634568032133
2014-01-11,53.27918866387903,58.1431728986702,63.114836473745655
2014-01-12,57.151318599280636,62.978162081433865,64.54921269720701
2014-01-13,56.639767839336564,71.42939053924734,66.14963052270663
2014-01-14,55.3869046910686,66.37092161780036,64.25000490607813
2014-01-15,54.080711656347205,75.65350494339764,64.09670093842408
2014-01-16,56.056805797576466,68.3102012385256,65.71529269096916
2014-01-17,57.23090198024718,75.16872555125565,62.64835256969869
2014-01-18,56.219854363261575,74.76200587566342,63.95145898348368
2014-01-19,57.12198035985831,72.1933005966771,64.13942811717062
2014-01-20,57.471507630215974,69.70922460544816,65.05111128180171
2014-01-21,56.78913147756097,64.94324874491404,62.53878065664192
2014-01-22,54.78687734022317,72.1906607966458,67.10762165807179
2014-01-23,55.50123880162009,72.58129595154293,63.998911053768055
2014-01-24,56.206386293007746,69.91810747432375,65.04389770341642
2014-01-25,56.30981299830184,63.72606453136975,63.56284476099392
2014-01-26,55.96857641502348,59.88949855905065,66.44235500509446
2014-01-27,56.777771614171826,66.26260607371802,66.94832255739108
2014-01-28,56.70887578025363,59.59604489908702,62.58463804362592
2014-01-29,57.117689628449746,74.8525750676294,63.892792150589194
2014-01-30,56.45534747623563,73.56144043091288,65.73473849685473
2014-01-31,57.0058046237076,66.12451625328457,64.54194638550432
2014-02-01,58.0204687089447,64.84223879189935,64.73594976354158
2014-02-02,56.54861030141739,76.18722075655013,64.18489750703706
2014-02-03,58.006746936109636,75.59156157731175,64.62276419096914
2014-02-04,58.142299335161006,68.84303888848862,68.249860836438
2014-02-05,58.552728788766615,71.18539141020668,62.75661022524713
2014-02-06,59.39077257507617,66.83524734448947,63.097998805352454
2014-02-07,58.17208422024825,68.69739680731871,65.87230199346683
2014-02-08,59.28315383296107,77.15549111135995,64.97831749739414
2014-02-09,55.89996325013641,70.38988213053544,69.07235024801818
2014-02-10,58.77152025064163,65.45916090548008,64.7559925472129
2014-02-11,60.34643722395047,72.59060654010928,61.96371853428183
2014-02-12,59.28502298445674,68.87631362192845,61.56176817162517
2014-02-13,58.76684857813336,76.94307174342576,67.15971917117557
2014-02-14,59.459613300998676,76.37729998083611,63.72007344496875
2014-02-15,59.72243135402895,60.213350471138284,63.19585488535025
2014-02-16,59.040933932595756,71.54759559758782,66.68144976978338
2014-02-17,59.892524194145366,71.77230901834035,65.09351818625177
2014-02-18,57.733759359435965,74.09032170988691,62.1252481282481
2014-02-19,57.69615183236433,67.4698671854497,60.09492933660925
2014-02-20,59.23497103371536,62.46804411700177,62.403713589673785
2014-02-21,58.86261300174209,62.401838634021445,64.01086213102693
2014-02-22,60.60157833485229,69.67817861817048,66.92524055105066
2014-02-23,60.14451893608897,70.02479659398371,65.91762768322478
2014-02-24,57.297640856332926,61.03842052779234,65.57190863938975
2014-02-25,59.99395594208848,65.13372019938053,65.13545588066448
2014-02-26,59.091076423066134,69.82116589235427,66.10775468735747
2014-02-27,60.15043840451044,55.86735235257845,63.44549325343408
2014-02-28,58.913416824070126,70.31105339003135,62.91026650820689
2014-03-01,59.65978154656657,66.62477174862984,62.85652945315601
2014-03-02,57.071713289676275,64.22781241090927,64.82802018471439
2014-03-03,59.30921996382128,66.06744882044437,62.41580066673431
2014-03-04,60.693919772999735,70.1567299626647,63.81168546665168
2014-03-05,60.07302776277583,64.73054122774812,65.31325278549504
2014-03-06,59.45483909390303,63.76964607498216,65.94118237764013
2014-03-07,60.018385186529514,72.77363035357232,61.96767312079149
2014-03-08,59.954101862091285,66.83727091015221,65.1270895558428
2014-03-09,59.34240012563605,69.36503597677068,65.11839237735121
2014-03-10,61.92462026549812,63.43957595218317,63.47174856793556
2014-03-11,58.958445378536,60.2911039979618,64.2728946936766
2014-03-12,59.8874263803383,64.22387984834828,67.11999185119403
2014-03-13,59.25449334871113,63.812300121962004,64.8730088974346
2014-03-14,60.11843907850915,55.48123514404387,63.624527144846375
2014-03-15,60.5589036295821,57.33130144515245,65.07607753884233
2014-03-16,59.42327709096081,69.21895926452865,61.22122131833591
2014-03-17,59.48023472275866,67.40239558923376,62.859462740844215
2014-03-18,61.206544385887796,67.44689923969091,65.31100068436147
2014-03-19,59.77455857524243,72.35901133225693,66.59392083179165
2014-03-20,60.2946738254433,66.52694611531885,63.32793398676855
2014-03-21,60.26224807958151,65.51271263555385,62.39641398056538
2014-03-22,61.66600406822182,68.04314407257776,64.18536295678759
2014-03-23,60.1413516913657,68.23065101490553,64.91373562356054
2014-03-24,60.96795605829688,62.655724256595086,67.91732989876684
2014-03-25,59.763281371682005,59.154406401787064,63.787041571487045
2014-03-26,59.939866969570396,59.91486140931733,62.75767366206074
2014-03-27,61.27775702106285,65.34796150512682,62.215813473588554
2014-03-28,62.10709423652564,61.7997930114696,68.48942445092366
2014-03-29,61.02227460088616,59.88723691224591,62.669750543914795
2014-03-30,59.82036545414464,61.71636879613738,62.277466205189285
2014-03-31,60.84876305246027,64.63347600422082,62.91837210439014
2014-04-01,59.868471966337076,55.72444869980455,65.35396009725048
2014-04-02,61.035334501793685,57.75977492535408,64.52094514727516
2014-04-03,61.381406271843176,60.178641774772814,63.55510397016438
2014-04-04,60.58418100600805,62.918199028796,65.52487789921578
2014-04-05,61.82037968502495,72.52281542732244,61.988299152203815
2014-04-06,61.43262696515172,64.85299093670918,64.36918248280968
2014-04-07,60.59710593000572,54.86122092700702,65.00188604589991
2014-04-08,61.80863291028073,53.90911532482333,63.30076894010725
2014-04-09,62.15025430976002,59.43281011435578,64.90196344309199
2014-04-10,61.085174169660974,56.686827496960746,62.784101210359495
2014-04-11,62.178339932905786,60.40547718874655,62.51739661713114
2014-04-12,59.566248134320546,54.44609248432694,63.68999259693501
2014-04-13,61.19927227467573,59.79223218393519,60.50755369466297
2014-04-14,60.809192791254475,53.75461506497258,64.25170472944714
2014-04-15,60.65404075676084,53.298289274369424,61.06090276893858
2014-04-16,61.7794150158966,62.53823737116129,64.50881925550878
2014-04-17,61.28438145562389,51.586751729742026,64.49412954416594
2014-04-18,61.69073597398058,50.785343490774565,60.921907773477145
2014-04-19,60.67151329002051,50.77844143631731,65.2106844093168
2014-04-20,61.6146981088538,47.33064356818558,63.38758032634882
2014-04-21,62.216515151042614,62.879494452187146,64.1400632069261
2014-04-22,62.937655457216145,57.13579808510656,65.2807221193629
2014-04-23,62.505865802014405,53.54049942759564,63.22984363854658
2014-04-24,59.29390267765793,46.93575683977704,64.43141223999007
2014-04-25,61.38259678389101,48.75576035981486,63.19531016947498
2014-04-26,60.887562634241974,50.733022609522166,62.34814117112752
2014-04-27,60.50684312047981,53.07937546498827,66.3030670535461
2014-04-28,62.15341537949195,52.317470590381426,63.68490961293857
2014-04-29,59.84363977279886,60.444264324519516,64.1431346864416
2014-04-30,59.79111174576442,51.721526709115096,65.74362336789744
2014-05-01,60.23688098118688,62.38414298914491,63.491119158228315
2014-05-02,62.12080436013262,40.34141979207401,68.53340475940627
2014-05-03,60.059092457747276,59.67365977765801,64.9954369455448
2014-05-04,59.384600622938194,41.05588973628632,64.12665781286059
2014-05-05,62.09873938345765,48.61526631554633,61.95118977580192
2014-05-06,61.22818439652969,48.68671210079873,63.237464487392764
2014-05-07,60.81552134317044,48.505719288269034,65.36301101767405
2014-05-08,61.503838049351366,50.51558698880684,62.78441610217495
2014-05-09,60.22944313111422,57.34802142273156,62.96443091388894
2014-05-10,62.27734111855588,45.33747377825577,62.942175871402895
2014-05-11,61.731367936381965,48.46167400857204,62.3249253452611
2014-05-12,61.50796144002021,48.0025712292987,67.00170302322843
2014-05-13,60.486908760180874,47.88750124317067,61.61581467171824
2014-05-14,59.525009712190176,53.103076703711736,65.15590502762458
2014-05-15,61.92937668011575,47.99251151515815,64.1912288919525
2014-05-16,61.69932714994061,38.689367703969765,60.709794148948134
2014-05-17,59.71107308538049,44.61793527821049,65.46746970246079
2014-05-18,59.83316730631531,43.730769130762454,62.082829582661375
2014-05-19,57.953995392907906,42.649638154975406,64.64834497306765
2014-05-20,62.155713450080796,45.56716387463197,66.21589249271067
2014-05-21,60.06813274411347,45.08285961203321,61.28087931882935
2014-05-22,60.74349649209578,42.45735488249012,61.35459904597521
2014-05-23,62.67724447643285,43.158066780842404,65.72448114969161
2014-05-24,59.558025597125344,42.39039942483866,64.67893432134049
2014-05-25,60.67234553349256,43.44719083585747,63.28133243801369
2014-05-26,62.00070600967732,36.75103939120931,62.67732900352378
2014-05-27,58.84773843287177,35.72387956079068,60.225754421821826
2014-05-28,59.75221617564566,47.121363125413495,62.343882873409676
2014-05-29,60.509549938921275,41.5393529629075,63.53787932434008
2014-05-30,61.03159946891202,52.98235193802261,61.07850546909089
2014-05-31,59.18641151405499,48.418987455625675,62.657962149072866
2014-06-01,59.303559897752194,31.985448032659107,65.17094612802852
2014-06-02,59.7484567963178,40.51280076270025,66.88804564604597
2014-06-03,59.47407286359109,37.73668863308331,69.88488362131662
2014-06-04,61.49943328347703,32.692455272746386,63.89699978901537
2014-06-05,58.9728086311184,44.65022322971683,66.27284103983347
2014-06-06,59.81633537446825,32.414742870613914,64.47608158976529
2014-06-07,58.318055103670254,43.520873650726806,64.52490366574939
2014-06-08,57.90493313052869,35.957575546901225,61.30155129232169
2014-06-09,59.43432164867916,42.38212806877551,62.883631145792236
2014-06-10,58.24477871990113,39.762376215609635,63.2127317568019
2014-06-11,58.08638685950065,35.87201948855784,63.46395439798101
2014-06-12,59.59728993729173,35.06384452490717,64.56450484929346
2014-06-13,58.08776429592757,40.459179587829055,66.56906607670042
2014-06-14,58.3370229412216,35.46347811134778,61.06500239148389
2014-06-15,59.401696882196156,33.166782006026594,62.355221522878495
2014-06-16,59.15955255008113,31.11428986615895,63.85067723662524
2014-06-17,58.57559334974241,32.46149914560548,61.36837332416416
2014-06-18,57.86373326688999,41.17093740718737,67.59024322573468
2014-06-19,59.52270286170821,38.94113318844127,66.63443971676354
2014-06-20,57.76086305692361,34.919899907924595,67.12139339733933
2014-06-21,58.87476793131026,33.04834208919915,61.55337850422337
2014-06-22,57.45866249190325,37.03191434292504,62.09421580679109
2014-06-23,58.8877249433745,31.38966324684186,64.6007480381083
2014-06-24,58.698416608698835,32.26156891482102,62.4436078177284
2014-06-25,58.14618879508799,37.06688975673133,61.916715441476995
2014-06-26,60.09274223576034,35.32500715070173,61.63096540853784
2014-06-27,57.42433551884495,36.157993617249296,65.66726162807647
2014-06-28,56.463696087177944,30.94740170753682,57.461984297083816
2014-06-29,58.94367211789023,39.89778677051186,63.936424526632315
2014-06-30,57.61893728477715,29.7008550243873,66.41343289044681
2014-07-01,58.92139214915476,31.241610076096087,60.43079180936512
2014-07-02,58.28928700589295,30.470846793469665,63.852985897235
2014-07-03,58.85317260025843,24.360114435990702,64.44853290012452
2014-07-04,58.284527513303594,29.820594984996706,62.85671123797218
2014-07-05,59.62359188457219,28.975826840577884,65.82650452341288
2014-07-06,56.320475836559375,31.612445803169454,61.141399903603244
2014-07-07,57.87630532202837,28.610066482603326,63.35937393144983
2014-07-08,58.0641523718947,29.694672481969604,66.12283020783762
2014-07-09,57.45488360715944,32.348184272969256,61.29634817316822
2014-07-10,57.48281353968489,34.62138055752156,64.48511872189506
2014-07-11,56.3505423030454,22.93428168515262,64.59345197214222
2014-07-12,56.59197248676624,29.238038350398025,62.9840808959575
2014-07-13,58.235734679506976,16.740254567040704,63.27026843948434
2014-07-14,57.459571321224914,40.28830626425883,61.64905913878607
2014-07-15,59.37916595678701,30.770537092895218,69.31764771972075
2014-07-16,57.1018298361561,36.32900243592928,65.86710975565411
2014-07-17,59.21815328236127,23.720832851132865,66.9217580766977
2014-07-18,56.39803676388037,32.804016485227464,68.49393247112319
2014-07-19,57.353677058515046,26.181160869085986,62.17294625251588
2014-07-20,56.343841477258536,29.872654540405264,66.84926997871902
2014-07-21,57.41915867465851,29.29666700118024,66.40641873922262
2014-07-22,57.67213582975276,29.290579398455193,62.035873372086684
2014-07-23,55.87667897690547,26.302483212505383,63.56678315511019
2014-07-24,56.35458730173193,34.16649729303115,62.708228303558094
2014-07-25,54.23567074308727,21.614676736216985,65.81522932155049
2014-07-26,55.74118066030949,24.961061729831158,64.2688722499926
2014-07-27,55.15603627117987,20.594695859331964,64.5853234032216
2014-07-28,57.284228885028746,32.35515155819841,64.6278213709545
2014-07-29,57.159106472537566,28.379836443727523,62.31245943492181
2014-07-30,56.36206749168429,36.133002780285004,65.18980412077035
2014-07-31,56.76239522960527,20.46119991563302,64.10144378039735
2014-08-01,56.84110265680072,25.258264499486543,64.52130566810793
2014-08-02,54.01572159827785,32.28555945122599,61.87772455928786
2014-08-03,53.99580298927214,35.694654012685774,66.51051656440316
2014-08-04,53.9325383356163,28.72775165737078,65.6955648533101
2014-08-05,55.245181328479205,32.822607128211175,62.92257356913701
2014-08-06,54.91708476724548,36.417533380112786,62.69519522695178
2014-08-07,55.80754702950995,30.48270425637703,65.20259639125814
2014-08-08,55.85531343289801,31.40748338337827,63.16776978605084
2014-08-09,55.230928624997176,33.0986793775035,68.47275798959106
2014-08-10,56.28485136050955,29.333409784656276,64.52029160322967
2014-08-11,55.100774953208614,23.949227700684816,62.62772659349908
2014-08-12,55.78418568197222,38.22406640402166,62.87506068515354
2014-08-13,55.646959300225205,36.04867346421284,64.27725046534137
2014-08-14,53.211928946308284,30.705108477453944,63.55407926730979
2014-08-15,55.21158495172278,36.451498543660634,63.8335226202888
2014-08-16,55.214849366563584,31.252921043441365,62.555479253825496
2014-08-17,55.79560325323808,34.18687292314902,64.75305971349485
2014-08-18,55.2210249639018,40.816922456420905,67.11072079971416
2014-08-19,56.25998249341202,27.02837785834668,62.46068241737104
2014-08-20,55.75863020237198,32.85407545571564,70.09511209257614
2014-08-21,55.2434978539258,30.21148190559443,64.09178598560798
2014-08-22,54.7896170821222,25.96418019256094,64.89292626165387
2014-08-23,55.50410638753857,25.470480838390394,66.97528766088712
2014-08-24,53.558905214599356,26.994935311558173,67.2731180737182
2014-08-25,56.03474694862957,27.537156627470583,65.84101771780688
2014-08-26,53.00659933015868,35.36669941069463,64.97675216132849
2014-08-27,54.26771806481638,31.081205242325712,65.85662946951908
2014-08-28,55.92458034415314,28.25166980371943,64.09808682238629
2014-08-29,52.76167781408362,32.262408923427,63.36102705623601
2014-08-30,54.7180915586937,25.903113836374523,64.16586419355076
2014-08-31,54.79981471197728,33.9970884424318,64.5791334950954
2014-09-01,54.18516499047376,38.010593324526496,66.14273631223753
2014-09-02,54.48698558646809,32.55872487917949,62.29395314728099
2014-09-03,55.64211972550635,26.353518203893763,60.92830868845294
2014-09-04,55.32902812567446,36.14981723803217,67.40361304377764
2014-09-05,56.02824214236717,40.02021445509929,60.703975991284516
2014-09-06,54.899375570818066,31.051388851295282,68.77963289112574
2014-09-07,54.50554265490691,26.43522996949228,65.86397115052999
2014-09-08,55.468634143996475,30.78768161983411,62.180132149657226
2014-09-09,52.94194054665627,27.740503519116523,68.6763285417437
2014-09-10,52.46106879826935,25.035852690925257,64.36472950209765
2014-09-11,56.171274173042896,34.06295680205263,63.47708257004362
2014-09-12,54.1195826852973,29.873927788400948,65.37150088958032
2014-09-13,54.16962916910644,42.180993747106655,64.37618137515476
2014-09-14,53.69570856516857,41.743086005746456,64.66284669309134
2014-09-15,55.668128433759854,32.052480626911155,65.10991132481911
2014-09-16,54.49362539318753,31.85004636162477,65.18940847727745
2014-09-17,54.87759121656115,29.132829818068654,66.46881989523591
2014-09-18,52.74832826502295,28.94568475791629,63.551757919630965
2014-09-19,55.3739259944597,33.27742635148204,63.476700256799944
2014-09-20,55.471548262597,32.35168433399255,65.15504238405207
2014-09-21,55.643875536446956,35.12727769476744,68.75327747678368
2014-09-22,53.175765646111806,39.8638126678409,61.456824176613935
2014-09-23,56.18717238350225,30.910702676929816,65.08646729693207
2014-09-24,52.99489248438162,30.019035432050842,67.61671040759903
2014-09-25,53.88192984231665,39.22648392926517,66.7016426203369
2014-09-26,54.32561785004202,37.44431613573488,68.40855541372923
2014-09-27,52.80846905046377,42.32550511830785,60.24897026311365
2014-09-28,54.715691311317414,40.373765987602994,64.25929529583874
2014-09-29,55.95174464508643,33.70428371232712,66.94012654778759
2014-09-30,53.82585364302268,37.69649516031002,65.01213316133192
2014-10-01,54.37530778921628,48.85516985856401,64.32783027465233
2014-10-02,52.60871123346375,35.66989988512081,67.21412210207131
2014-10-03,54.61778051970376,47.071079057241526,65.43969457465138
2014-10-04,54.96630449501334,41.40965313367056,66.2039921792727
2014-10-05,54.01870369618934,32.69403857357249,64.05005017215454
2014-10-06,54.665649851249945,37.493762127126175,66.24230971904804
2014-10-07,55.87505082289724,38.80037438921616,66.91456358639013
2014-10-08,56.77090921726595,46.36882046912515,65.25046695953631
2014-10-09,55.00489128954227,45.29669844853933,64.82701038398591
2014-10-10,54.49088206937676,33.98590253609313,63.7042910340465
2014-10-11,53.19243521342647,41.762538564256005,66.44664303504791
2014-10-12,55.28374011871943,44.6692903230352,62.28820440033928
2014-10-13,55.439388826576774,49.63092984552309,68.80142485081396
2014-10-14,54.64618336533809,44.23673958991602,63.31565482835923
2014-10-15,57.03902817753967,44.39338581388331,65.62094400010905
2014-10-16,55.937638241879476,36.10561174679708,64.99315003453947
2014-10-17,54.221237318431484,48.472324207368445,64.16616557140263
2014-10-18,54.36949701687727,45.196311922368295,66.09969659303556
2014-10-19,54.59202559018795,52.30909779474153,62.880395121096626
2014-10-20,55.114898090645575,53.25813328741241,61.78448164416919
2014-10-21,55.99819080725417,38.632032839280626,65.91365935664724
2014-10-22,52.14504654315361,47.77608284377614,66.02056802788468
2014-10-23,55.16707951431131,46.31329527192514,64.0227854458917
2014-10-24,56.838022262338065,56.02924584355065,61.78932543601914
2014-10-25,55.87699799564129,42.957930198151274,62.313264656895
2014-10-26,55.05826774217775,53.628520924902865,67.7472871387935
2014-10-27,56.651030428356435,50.49925528587959,64.95128677204197
2014-10-28,56.365418866131925,51.11336390617717,61.9603366850258
2014-10-29,57.18539789249786,50.00144631056463,64.73343078132864
2014-10-30,54.50893449772461,53.963545922275586,68.18573323614723
2014-10-31,54.99536891857291,52.42101463543554,64.9558646046764
2014-11-01,55.104794992774174,50.34964717516145,64.94926432117589
2014-11-02,57.31380817122202,52.13704955240211,62.385012415464736
2014-11-03,55.617641218744154,54.90823743505062,65.26174473379551
2014-11-04,57.63694502775715,50.391455710557366,63.21540367023411
2014-11-05,56.31728302985435,54.367071628322584,63.99868207298278
2014-11-06,54.0329614080301,55.17712678310789,65.61946906412467
2014-11-07,54.17814286963267,48.02216365173145,63.092805502649384
2014-11-08,56.450739345868804,46.46983906759611,63.74664580517113
2014-11-09,59.215358198800885,53.615066939584906,64.28580050753499
2014-11-10,56.338444594129335,49.61368061892412,64.66504032466798
2014-11-11,57.67843140304571,60.16052818454116,64.21875487003875
2014-11-12,54.711934590519505,56.43586908322561,63.13787712807711
2014-11-13,56.28823111980726,58.886036928616974,65.09850007160084
2014-11-14,59.918109300054624,51.62945560810797,66.23484011495013
2014-11-15,57.38959001233013,52.1706162386598,63.484354538015886
2014-11-16,57.80989478450375,48.34069814061711,64.40983079839957
2014-11-17,57.89609388255932,44.561385188441186,64.20112366308472
2014-11-18,58.325421016573365,58.92899932372019,63.87636917382653
2014-11-19,57.4008487359634,52.7178873381393,68.23724322191445
2014-11-20,57.31610864117146,54.744761292580094,70.32198345665066
2014-11-21,58.37763995670638,60.26510724926554,68.04524583772759
2014-11-22,58.42740632040908,54.82655299701781,66.3335705225581
2014-11-23,58.45123583660795,55.208027479326205,64.84181500465387
2014-11-24,59.402961514691555,52.73692926123855,63.40726907578835
2014-11-25,57.545008797825176,61.13917374757369,63.8906448582297
2014-11-26,58.18761995332291,50.822410924342016,63.197008147382675
2014-11-27,57.76704669041115,60.433492824679874,63.21946339534973
2014-11-28,58.30357597426445,56.52210815767925,62.38132796818613
2014-11-29,58.86703175322367,63.61852246515886,62.53041608609357
2014-11-30,57.94176013846136,68.16535927198804,66.47557736009499
2014-12-01,59.15415251768217,55.8329392808116,66.80196066111678
2014-12-02,59.28636409594556,62.850855820125986,63.42907507057167
2014-12-03,58.54707311109209,55.413612080434376,63.41182781630839
2014-12-04,58.92170223252108,60.046737910859505,62.339773236534235
2014-12-05,58.584158043388484,55.53648819367787,63.32611770476819
2014-12-06,60.146356352907546,69.14150745290321,64.57052851889165
2014-12-07,59.343023410693874,54.00514362751241,63.508092941481834
2014-12-08,59.1545729806039,64.92416509726705,63.06269182772827
2014-12-09,57.856646785096636,57.07223240253197,62.95948835640452
2014-12-10,59.321890820438675,64.35435366250715,64.95201931195194
2014-12-11,58.59898292327722,71.28860420320378,64.02773873017487
2014-12-12,58.574229315882945,55.026002743221206,66.10907672241915
2014-12-13,58.09252208794127,64.3567804927857,61.267936038776746
2014-12-14,58.54753475551308,66.48786416325945,64.65918987412893
2014-12-15,58.0137360873605,69.40840732117688,64.19419296339422
2014-12-16,59.03485743770894,60.21114152733775,67.55775410481063
2014-12-17,59.859624901480345,64.53210343199775,64.09978035490695
2014-12-18,59.32758199513663,66.08739611378036,61.49759782173858
2014-12-19,60.075839624401915,63.108346871951,63.19173762052993
2014-12-20,59.99823974408168,66.95504685848067,63.6001203981864
2014-12-21,59.21239544729182,62.78839008879117,65.14486956735779
2014-12-22,62.54532406428262,69.0124344742175,64.28635585420321
2014-12-23,59.759114617436545,61.28259818643057,64.43995702393609
2014-12-24,60.32599132284888,63.62180026189812,64.6493940448728
2014-12-25,61.76089015092653,71.50918044777558,62.119458335613274
2014-12-26,62.28001652286133,56.78021451303488,63.817349259541004
2014-12-27,61.403166420618405,70.28874977315604,64.4531408157357
2014-12-28,60.47713117787613,71.28949490446865,69.75330642211655
2014-12-29,61.48496282641206,69.95228475136895,63.854732664875925
2014-12-30,61.41446783608062,70.29872096045733,61.73456987281836
2014-12-31,60.3109793625075,64.95733122772216,64.2528939358825
2015-01-01,60.35291106266879,67.64656973147085,63.85330991599283
2015-01-02,60.771929246430524,77.10567366565745,65.56272831829601
2015-01-03,62.23912917729815,68.8715423879524,64.5172523583177
2015-01-04,61.83858942646464,76.00295387744086,67.37227043039637
2015-01-05,61.274854009066296,70.47757731094396,59.51893171481419
2015-01-06,61.90427344470954,68.33347297428745,62.42602839896231
2015-01-07,61.32132261655904,68.82202864287832,65.12645864246315
2015-01-08,61.66192336555234,59.77255794859669,64.91292158959666
2015-01-09,62.77099664695329,60.763635540483804,64.79098123855766
2015-01-10,60.72749383879896,66.64345389572202,62.0243847152559
2015-01-11,63.12499824156532,69.51336035094502,64.18279813672109
2015-01-12,63.53800303258574,71.74048580366822,67.02380885326887
2015-01-13,61.827345649731164,71.85305672368244,64.42275989546556
2015-01-14,64.29858723207559,70.04102281605057,64.91981621203047
2015-01-15,64.57229924822695,72.14447590078863,61.263923117183346
2015-01-16,62.389865031591775,59.41537902991928,62.69898560975529
2015-01-17,63.5030283895273,68.64629318434399,65.115886103918
2015-01-18,63.868168153896505,59.11128019499947,65.07810062664295
2015-01-19,63.54157151424278,62.42421883516085,62.904894431964124
2015-01-20,61.738791135990276,62.89035609222957,60.18806812460104
2015-01-21,62.255111990279886,58.083970375665814,63.409308925299406
2015-01-22,63.48626865945573,67.23900394844549,61.88366553933382
2015-01-23,65.43772261489646,66.98049335210032,61.07584994834618
2015-01-24,66.76153045185697,70.51693920234499,66.05669927687305
2015-01-25,64.76866489975872,67.88190197528299,63.5718471924552
2015-01-26,64.69985087389408,71.00496984878988,61.206438400250114
2015-01-27,65.7561989333086,75.1899174049262,65.29669524816165
2015-01-28,65.37802307335488,66.03472379445496,64.0956620994019
2015-01-29,62.2287610754457,69.30275489105966,65.312058746269
2015-01-30,65.08036133183764,64.78322772050764,64.59768383566073
2015-01-31,65.40534987500034,63.37963457435953,62.97045478321486
2015-02-01,63.94889295746932,67.10529001359376,61.84586510615265
2015-02-02,65.42124330064915,73.26723320357718,63.671050797719296
2015-02-03,64.98702185220972,77.66769655457242,64.99771915199094
2015-02-04,64.28894041251081,67.1597295039119,65.20455250238341
2015-02-05,63.68414237552915,73.21216168053007,66.02331179294671
2015-02-06,64.51284551573472,67.36492219452643,59.97100602484164
2015-02-07,63.405227336355786,73.56892978279264,65.62759782884459
2015-02-08,67.14717344099788,68.8050902051666,62.48612495356625
2015-02-09,64.0889636639545,66.6701645701736,65.77521003181018
2015-02-10,65.8491082644149,71.13414519612567,60.77387828707554
2015-02-11,62.9251705551056,73.22990703258486,62.09337080347804
2015-02-12,65.43072884793588,75.20734598717888,66.03410418602847
2015-02-13,65.99953356539471,64.59717477457,61.131530290757055
2015-02-14,68.37908383046094,67.42379062151,62.95854523695331
2015-02-15,64.06373263398123,65.00705256955997,64.18832495055875
2015-02-16,67.02061530139711,83.02194315625991,64.07114898312071
2015-02-17,66.36117373153814,71.02750086052691,62.76268551979844
2015-02-18,67.64216723623109,74.61589388128168,61.578911774238826
2015-02-19,65.59661572038247,71.31466509048222,63.30660390605391
2015-02-20,65.5071881093566,66.52403394326033,61.269350019979086
2015-02-21,66.98950036336474,71.19291626488571,67.03676612850117
2015-02-22,65.1311592111101,67.90471066822515,61.51330058310401
2015-02-23,65.71134781869615,68.15622709024981,62.47461385118313
2015-02-24,65.2010140437411,68.43978952420012,63.69847899037928
2015-02-25,66.14951355500801,70.08181393805367,61.074289297559744
2015-02-26,67.75242269986194,64.05984366833212,61.99501105038245
2015-02-27,67.71185946474127,65.91193323178302,61.69738271738959
2015-02-28,64.39379375768797,76.67484052029823,60.62032157862241
2015-03-01,64.71044298408368,68.9250113632185,64.96850794062132
2015-03-02,66.86498095936734,66.88788484596925,62.76412360398529
2015-03-03,68.42376553368845,74.14080394697916,61.75203771564942
2015-03-04,68.04263572603364,60.523523905080616,61.262748561886895
2015-03-05,68.55308902179762,68.24675659712459,62.49120631288004
2015-03-06,68.6256533083763,73.65280025152414,63.77604798855296
2015-03-07,66.80161848083452,67.0347206733868,63.056734677722545
2015-03-08,68.56919603488781,62.68119286535188,65.74091234062531
2015-03-09,68.72069326203335,71.60152726619248,61.75013875259211
2015-03-10,66.8261477085428,68.80568159959485,61.3438050658337
2015-03-11,66.84971562984002,69.78149518317723,61.8004503043738
2015-03-12,68.27741526617108,67.74759695414542,60.37246836404305
2015-03-13,68.24608387719601,56.17587743793903,64.69564242826472
2015-03-14,68.30406714070025,64.33545018491056,62.76999648845313
2015-03-15,67.98435629938271,66.75629003257852,62.25300749023784
2015-03-16,67.0931581269574,68.96615370895607,63.339675339852185
2015-03-17,68.20505359711466,62.74206858517834,60.4769557897479
2015-03-18,67.29153284549766,62.40959580193809,63.69642033751698
2015-03-19,66.98667720621525,54.02338906961867,61.51190862405702
2015-03-20,68.09484669743485,59.2867158257729,63.580470417506724
2015-03-21,67.33539421362691,65.99988178626836,66.59975711328293
2015-03-22,67.18899558519952,57.40419764162574,61.58087718937805
2015-03-23,67.48751780910544,57.74237462727511,65.35504191238482
2015-03-24,67.12425506098279,63.59988706358919,63.26657825525485
2015-03-25,67.54789168453605,59.755554348483855,62.29298388216252
2015-03-26,68.14056144215293,65.79934272486264,64.3806640731228
2015-03-27,68.20885242295233,62.84973609784199,67.23060854220523
2015-03-28,68.50918441097367,60.74014387856012,65.65385482598967
2015-03-29,68.37330956224947,59.96316188519268,61.15689728820724
2015-03-30,70.77402541561901,64.78919951610895,64.22125409230797
2015-03-31,69.69547755059304,62.28099830231929,66.61144953603251
2015-04-01,68.07549643823677,51.86455550517123,63.66892026022892
2015-04-02,67.86050514339315,52.39737462220795,60.22504969046784
2015-04-03,67.45120054495622,66.81354862939067,64.36916331798164
2015-04-04,68.32287099369834,58.19122363403852,63.09213489267908
2015-04-05,66.85606707328232,58.15950862325258,65.02523777269626
2015-04-06,67.41260307212914,70.75256646030964,63.10879890297055
2015-04-07,67.5645839248253,52.080051194706016,64.09051129604153
2015-04-08,67.07997560916684,53.059091472423034,64.00894413546962
2015-04-09,67.32074141189466,59.12543738759215,65.72903586310201
2015-04-10,67.63730368464233,53.77209366851103,63.71314239314713
2015-04-11,68.04026623530258,57.93151297038541,64.14166593337433
2015-04-12,67.66612992766758,52.85155673865343,63.73104503349256
2015-04-13,68.29600759969253,55.49287848251658,63.84747348432965
2015-04-14,68.32853954980122,58.72067048801157,62.45534379526529
2015-04-15,67.09780600337342,51.266598031042534,64.86728248626886
2015-04-16,70.30009253122748,50.37548357905955,60.91914332288676
2015-04-17,69.89548330464957,52.385458536715674,58.29338087268924
2015-04-18,69.36604744332848,62.14881084146811,62.46527021784109
2015-04-19,67.95467002615037,52.107258380713404,66.21788050148173
2015-04-20,69.38066840003646,57.58511586758991,66.2177865147946
2015-04-21,67.79122015147543,50.68249996948218,61.16662991047699
2015-04-22,66.37832494475387,56.4090720357847,60.99478023558036
2015-04-23,67.56709152987241,59.35188021184035,66.05212409114941
2015-04-24,66.30126693418802,55.96298672096511,60.56643725945632
2015-04-25,68.10349756021397,54.63965237280384,64.48405744358575
2015-04-26,68.54568162355991,54.424510361874425,60.99205777520861
2015-04-27,67.08935568604812,54.176745756665255,62.902641886583204
2015-04-28,67.45024660664318,52.41719216694588,60.81588699199287
2015-04-29,69.19284290611897,59.11320691001526,64.89577940341367
2015-04-30,68.46635262358097,55.709431073708025,65.35942087606253
2015-05-01,66.92117002824949,50.58520444541616,62.904777490046165
2015-05-02,69.6260115417027,50.5573259751861,61.17744918151145
2015-05-03,67.0863486325823,55.50894049324915,59.569589532912595
2015-05-04,69.62690249657012,51.27069014390408,64.6255594524237
2015-05-05,66.97096746816193,52.11972551538481,60.735220489009
2015-05-06,69.84249590932679,54.39223724952321,62.500444908004525
2015-05-07,68.53520888192209,53.783745278861275,63.02326948535134
2015-05-08,69.53657095173035,47.10293166771078,62.37603384480079
2015-05-09,67.52156597529553,50.76605181512368,63.024267542463825
2015-05-10,67.97143853389149,51.120860075445364,59.35675552891929
2015-05-11,66.56856228042925,49.20283730937908,62.301985807916616
2015-05-12,67.38255095625736,55.20832221218536,59.466644757956466
2015-05-13,66.75416515659803,48.436451801672085,62.66451787575318
2015-05-14,69.38833005965355,52.051987744853804,65.55324641117431
2015-05-15,68.14939088902398,40.14967318982754,63.12402628168384
2015-05-16,68.92467142517556,48.722358806473665,65.34812824944426
2015-05-17,67.11581883681085,47.65860363532288,64.67427104348636
2015-05-18,67.92002082681134,49.29647404861152,64.43021464264133
2015-05-19,66.02093919854393,40.79394987708249,62.685583966430265
2015-05-20,67.81894972320463,42.57086461229128,61.644185970266435
2015-05-21,68.71378827123453,48.20441684147302,59.55277940726631
2015-05-22,68.72375898976662,35.17159983552844,65.05976105594665
2015-05-23,67.19889361547186,48.192454850795166,64.02072868142719
2015-05-24,65.99142757999527,43.29910475547764,65.4033694357119
2015-05-25,68.0437464372048,37.01427783471121,63.10169309250282
2015-05-26,66.8579798002224,40.44004721382579,60.2945938770839
2015-05-27,68.35000823414828,38.68082863396707,60.11884865851042
2015-05-28,67.7381662505258,50.22951669870054,64.71771440022182
2015-05-29,67.13926612840014,45.65023675545314,65.78290886599919
2015-05-30,66.3426156699533,39.49950179316501,62.21963053721472
2015-05-31,67.77250067148685,37.84903523891686,62.42800375786652
2015-06-01,67.15903657503749,43.18547501133102,62.17625661989295
2015-06-02,67.00259001987176,40.371462999049264,58.417864761374375
2015-06-03,66.07165528948373,36.623944262068065,66.74024137186312
2015-06-04,66.26742652680251,34.106641939517,63.505742062293564
2015-06-05,67.75410805160541,27.78042535349332,63.91857395626954
2015-06-06,66.9421118185605,40.064949365683155,62.10574830955321
2015-06-07,66.14114217610252,38.83465573819052,65.58254683840055
2015-06-08,66.66420257852029,36.927811048423216,62.53863268925836
2015-06-09,67.74490210426477,36.82483852489442,60.723184424856306
2015-06-10,68.70650586646366,29.445211460882607,65.85123913449851
2015-06-11,68.36562542605574,22.691988316727276,61.09057281702804
2015-06-12,65.73512958900639,32.610579913791746,62.81868083771657
2015-06-13,67.66879277147333,41.8278755878146,63.47468684056525
2015-06-14,66.95669017213179,42.610837345968044,65.90181005209821
2015-06-15,65.54929882243526,44.80594259557725,60.30495564445475
2015-06-16,67.3690123679055,37.55991868267385,62.90258231031815
2015-06-17,64.40924559798599,45.56572352313681,63.70673935138387
2015-06-18,66.60286714148984,50.49673481936126,63.07751013263948
2015-06-19,64.17054187737972,33.891918863036814,63.53206645716589
2015-06-20,65.5700209423216,30.61047483587689,63.41998524894822
2015-06-21,65.4656155479796,36.6835834574829,59.86473301703408
2015-06-22,66.87843763837773,41.627693830195795,61.68199705260577
2015-06-23,66.02473629141649,48.26653730996313,59.41602607262778
2015-06-24,65.79902385212444,36.64114974900227,61.61296583684195
2015-06-25,67.61122680263338,40.446266511513045,60.994976004609136
2015-06-26,65.83275906887499,32.470162402993715,66.71183753141794
2015-06-27,65.22272133815869,36.662483294460536,62.67903814308957
2015-06-28,63.7171414345044,36.82605650275135,62.40987953169306
2015-06-29,65.54697223083835,35.61232786171052,64.24955334371943
2015-06-30,64.88312260424955,45.657567027005655,59.34418427900708
2015-07-01,65.06283647641087,32.723823082719726,64.69488927188799
2015-07-02,65.48102694324504,30.297637973992295,63.464271239331346
2015-07-03,64.18311036195213,38.11751357819374,64.69725899853249
2015-07-04,64.97476608612536,31.296622407685415,64.16436104384236
2015-07-05,62.73543712077785,33.19073326268862,65.03564053183523
2015-07-06,65.48666670742712,31.174140504245944,66.19689994104998
2015-07-07,63.91554501151687,37.509872999249495,63.24899193437369
2015-07-08,64.43651363725671,30.800532528658636,64.45570800922448
2015-07-09,64.02399626981274,39.977948557819474,66.53408977604597
2015-07-10,64.69179300861458,32.97138701630023,62.389584733071985
2015-07-11,62.948933212958536,29.406341633552337,59.901390217206874
2015-07-12,64.17929521196581,28.659311963743793,66.59262414272082
2015-07-13,65.92634019156674,30.549804563627102,63.68860191329776
2015-07-14,64.89481922628299,38.79224041211141,64.8146714947055
2015-07-15,66.04796766242399,36.03192114477758,63.88424138460197
2015-07-16,65.06707540712249,35.269793636470816,66.20356632655344
2015-07-17,64.3310872283423,22.968894742528242,61.24868820338637
2015-07-18,64.54858988179683,26.89385972851512,63.27014900413809
2015-07-19,61.93201714970145,39.924149027495986,61.34794402518858
2015-07-20,63.25577604777068,40.650780331425054,60.58201250525958
2015-07-21,63.022948684426666,24.401321507051268,63.46641908443895
2015-07-22,63.241745875434454,28.596258984847754,61.88395310003278
2015-07-23,62.96033390460192,28.802076954110824,67.13805938894131
2015-07-24,63.78020662966253,25.007508581768697,62.801786159899315
2015-07-25,64.68950711212398,34.34019869514434,64.05267372609542
2015-07-26,65.32965491247651,39.36564372973424,60.93166844337762
2015-07-27,62.09719527756193,25.596271813705602,63.38734600968604
2015-07-28,63.500188476955124,22.092201397280547,62.67668444933773
2015-07-29,63.44768622004954,26.66876312458414,65.7074607713298
2015-07-30,64.1110046671497,33.622865715031374,61.959701782316905
2015-07-31,62.771756300720135,33.272317779601,64.31248820425704
2015-08-01,63.658700947142265,30.520512766561595,65.10089394318263
2015-08-02,61.57235369156702,35.579358702737935,63.03612092567967
2015-08-03,61.487347608876455,18.705791093180398,65.01866692570898
2015-08-04,62.1636485040727,40.49912545380536,65.34831080441262
2015-08-05,63.3105427711434,31.140453548607386,57.90329870128735
2015-08-06,64.25309999901272,22.225401608477256,64.4104529914118
2015-08-07,61.76014658297203,29.73653479648958,68.89225864731146
2015-08-08,66.19823793881422,30.94572204447324,61.1225316482063
2015-08-09,63.705226312656116,24.42145289509004,65.25824968325531
2015-08-10,62.3007052431213,30.74204005082146,62.70468670812648
2015-08-11,61.21978884603019,28.696652358993433,64.0104347055952
2015-08-12,64.08379845604536,31.494929636246138,62.13840787291796
2015-08-13,61.69719280786707,26.928817558678507,61.98836872233887
2015-08-14,61.79916604395452,27.672333652915427,61.355115086351866
2015-08-15,62.44559551756496,35.55554955983496,65.59783744044618
2015-08-16,63.31169373941001,36.46344334766171,61.282327391036766
2015-08-17,62.09879527832902,30.815193666691272,62.95662381460516
2015-08-18,63.23385839282905,35.467130778610255,67.36953082132817
2015-08-19,61.430390976852095,30.764735552162765,60.946547285332514
2015-08-20,61.089303604846876,32.55712476475239,65.9395079872712
2015-08-21,63.12636662570062,30.012459239913362,68.63685965615525
2015-08-22,64.36270770058577,32.54815187976131,61.5086522151006
2015-08-23,61.40090343084039,36.56296264484982,62.0382121565534
2015-08-24,62.071803686698495,31.513514914156016,65.64326777031405
2015-08-25,63.00791555454229,29.139194631517785,64.88180864801562
2015-08-26,61.8477262298208,33.77769748365377,64.71694535646884
2015-08-27,61.073558477740384,23.095099440339624,64.61796919493968
2015-08-28,62.45638559328697,29.743919471082545,65.5346574142858
2015-08-29,62.83382477689785,30.160534320175543,65.52745272544621
2015-08-30,62.87978915856338,27.18483729970127,66.34406275475925
2015-08-31,60.63984098139733,40.61883091640094,63.79301028225848
2015-09-01,62.809389948870844,28.118063261447105,60.99037006381968
2015-09-02,61.93571118254016,40.58022992594741,68.36418469175922
2015-09-03,59.952159295780426,38.53902065754356,65.91098462940688
2015-09-04,63.41753414054227,26.99619951012331,60.58755676631713
2015-09-05,61.33148119584915,42.81670917132959,65.41338207481868
2015-09-06,59.81237890834538,31.561461831248295,64.26166451025082
2015-09-07,60.35421902030726,30.003078476606415,61.08278375142317
2015-09-08,62.02022041101365,31.27720806518642,63.369244695771066
2015-09-09,62.364539143784015,40.18536308035989,62.19190434058295
2015-09-10,63.43698314342957,33.87880127555107,63.860568389953976
2015-09-11,63.05936483818604,42.56010919254341,62.242869999442284
2015-09-12,63.926606977637164,39.99549054246943,64.42195644131375
2015-09-13,61.00920688216672,30.546984464754573,64.16202013139268
2015-09-14,61.52619601320012,24.418292771952974,66.37350334999437
2015-09-15,61.55934990291085,30.483492473645768,63.014482494206526
2015-09-16,64.8441603261133,45.94086863359789,65.2658229837909
2015-09-17,60.868351983491884,41.67528535899042,60.84195197935948
2015-09-18,61.52201598409081,39.31086340185012,65.85615707044617
2015-09-19,61.67992853177894,33.14371960733866,62.27523995887138
2015-09-20,62.96101752135407,36.811672749980566,66.70632708531518
2015-09-21,61.47974499024697,34.39060982563631,61.2941598606326
2015-09-22,60.85273068268991,38.61742147317632,65.80359534247853
2015-09-23,62.028998021684934,35.74041947114492,64.63847451452128
2015-09-24,63.75101637724445,38.525029045834586,64.79070015890719
2015-09-25,60.508496863091,42.525073116765775,70.26082641175675
2015-09-26,62.08285942867435,31.122118962301933,64.27403243204724
2015-09-27,62.23985625856655,34.7794751731995,63.46661070263801
2015-09-28,61.61817190066545,30.714630274846996,67.26479544833387
2015-09-29,62.386277900918216,43.52799170975132,62.73108244186254
2015-09-30,63.30993889060655,45.95327977853705,65.51255616397478
2015-10-01,62.59106834321264,42.07121846175531,63.917983050000316
2015-10-02,62.00589168874462,42.99425243598608,64.51183083664117
2015-10-03,61.87254602859737,42.57492453120597,66.74410710804754
2015-10-04,61.992724535646815,35.092785856705405,63.82984839390155
2015-10-05,59.60887721339075,43.703629631764606,64.48958700223486
2015-10-06,61.720271227545204,40.35855820525818,62.97961599511502
2015-10-07,61.842099374174595,35.44031426092061,61.84335273759204
2015-10-08,61.60577608390084,33.80636419290386,64.14189968663457
2015-10-09,61.61001350705815,44.38137616150572,65.3520639773987
2015-10-10,62.02224425016576,44.869962849472785,66.40055982006835
2015-10-11,60.963424415044436,39.860852665125634,60.943808001011
2015-10-12,62.39014619999722,50.5185076116907,63.62756062621216
2015-10-13,61.4294765717903,42.142095626517985,63.15319004977006
2015-10-14,63.12009079415825,47.75799749088691,63.144428213811956
2015-10-15,62.36255415703331,41.27549438338599,66.66468531348453
2015-10-16,60.99664673754472,42.68150435311068,60.06810941089427
2015-10-17,62.44223326146984,41.449758721992836,63.04086513800148
2015-10-18,63.754611737665144,46.23938138046281,63.74949476700234
2015-10-19,63.23534171534333,41.53716897719219,61.64515399102137
2015-10-20,64.8606562774572,45.319370139903896,64.13702790335547
2015-10-21,61.716853309578916,46.78741145020962,65.71506502960686
2015-10-22,63.51453436642877,44.889360036884845,61.238651292437375
2015-10-23,62.03087739709937,48.50539144317177,64.68421247733296
2015-10-24,63.27419225958172,40.67565468802997,64.11920267597392
2015-10-25,61.787085144029284,48.70976910034674,65.01935426184663
2015-10-26,62.53853005806286,47.74556546173842,64.99046623254847
2015-10-27,61.94531079069731,50.88457523423305,59.69099700836483
2015-10-28,63.397141351259144,42.83972939881,62.54985387322186
2015-10-29,61.165918388618074,51.29358962563039,62.408385254332174
2015-10-30,62.25799935514225,46.61149102603685,64.41363123138959
2015-10-31,63.81254051830087,45.96749462716404,62.1938429408426
2015-11-01,63.111335649254364,49.830826072699494,65.07615299816952
2015-11-02,64.38929251931482,53.87657851440594,65.53542749435769
2015-11-03,63.098059799793695,47.271416865214704,64.73887748757383
2015-11-04,61.67756886627184,42.78816693387845,63.19373368451019
2015-11-05,62.80968767809045,50.65347761643279,63.155810541475134
2015-11-06,63.80226885062594,42.9627789240528,65.39157554352097
2015-11-07,63.36178000354877,50.896715326316745,63.751609081901044
2015-11-08,63.40224752478706,49.429751499490955,63.20671675932144
2015-11-09,62.798716381873334,58.275028512220025,63.43170657664874
2015-11-10,64.24694457508977,52.345755997679255,62.530333744260695
2015-11-11,62.90866551242769,54.078243040450346,68.2395187832708
2015-11-12,67.02838653835161,58.04240274945124,59.40981544355172
2015-11-13,65.16529493943185,50.412350670848156,63.43503042480146
2015-11-14,62.72487817178042,61.49446192498232,63.81187339168238
2015-11-15,65.8985275506188,57.29262784634757,62.86271956986796
2015-11-16,62.699248276912236,46.86067197662037,63.47152797312311
2015-11-17,63.78320891195595,57.839897590406075,61.93923520801247
2015-11-18,64.96486246399925,70.96921704724528,65.96597559799436
2015-11-19,62.68645818684635,46.9105828015073,63.40546792361771
2015-11-20,64.90775475408645,57.832639294359005,59.3919964723558
2015-11-21,64.07417787978899,55.0784153240777,67.84707959334516
2015-11-22,66.36196289247435,62.367288856524134,61.1534015191179
2015-11-23,64.4320322868699,60.450147105765545,62.34226090240478
2015-11-24,64.89434099408203,62.091149759947015,64.61157668183975
2015-11-25,66.06183502296983,53.090163341678476,62.68920715620036
2015-11-26,62.746757535715055,59.053418651801515,62.1036657453847
2015-11-27,67.45402422829694,58.31988712362648,62.14432663647181
2015-11-28,64.89716141861062,55.74567805752624,65.7335750359575
2015-11-29,65.52326057214833,57.78326058130277,63.99452001215232
2015-11-30,65.17390325161853,45.50918608476849,63.120787051365774
2015-12-01,65.05255448332984,59.77961255533536,65.91092608582221
2015-12-02,66.619383919318,64.26772298674275,62.20301229554532
2015-12-03,65.29074175676789,55.082520072670846,66.124025651092
2015-12-04,64.60591765781335,61.15148135071124,63.6594389115336
2015-12-05,67.76100578899951,55.2910528873706,64.37834632267152
2015-12-06,64.9808667733943,50.695759053372484,64.99605875830278
2015-12-07,65.87687865691117,58.97275090444091,60.344345174494364
2015-12-08,68.5580429534125,56.2497937127256,64.2095556780592
2015-12-09,66.26701149787485,64.694574270784,59.61995162552546
2015-12-10,65.23603039993996,68.981965136379,64.73472991258359
2015-12-11,67.62153085062394,61.289263231061206,58.635176706719655
2015-12-12,67.35772509766223,64.69416865147268,60.850179664958404
2015-12-13,68.38483545651106,58.32285422048284,63.41618833240799
2015-12-14,69.08497350220695,58.88560696802681,61.38550259139257
2015-12-15,66.92875772725257,60.52054069662608,64.27106538742599
2015-12-16,67.42930278933457,57.93011810472662,66.97501778412003
2015-12-17,67.6829426224688,65.01550385901825,66.60043593411456
2015-12-18,65.75191259016873,64.61301581905434,62.58846796790275
2015-12-19,66.46192321423919,67.82227990564785,63.1349739538692
2015-12-20,68.49465263340619,68.95350170259123,63.190490048269346
2015-12-21,69.64732237689935,68.64258757251807,66.87317532612809
2015-12-22,67.8450602249904,63.784425376905396,64.25404867273664
2015-12-23,67.2559797378772,64.9719200573317,64.58765845973439
2015-12-24,67.0924947801398,71.35826678487258,62.774509003351234
2015-12-25,68.29182232864201,69.54731160669279,60.50623045914185
2015-12-26,67.95366224354002,64.9867491863651,62.83411008621519
2015-12-27,70.11800100548997,73.51954130159282,60.778516383877445
2015-12-28,67.09994713258642,68.55038334575515,61.262269033911686
2015-12-29,69.15516857476942,58.783049130361526,62.32902232629848
2015-12-30,69.28955594809501,60.37757704281296,65.03764096815972
2015-12-31,69.88219901300634,62.24804330489619,63.26174730210839
2016-01-01,68.25935133990923,73.69037997472965,64.86350182098775
2016-01-02,71.65292249448368,64.09828071613688,63.8628717594933
2016-01-03,69.02309531773616,59.704372631561554,62.13256892591501
2016-01-04,70.11757877219488,68.96939568638629,61.321274007771095
2016-01-05,70.2426076001728,65.96725189545319,65.384701699784
2016-01-06,70.55969811195337,64.98457523355295,65.9775663632641
2016-01-07,69.05853926972866,74.57050532498049,64.03470326514322
2016-01-08,69.51876235126414,64.24015018395833,65.3620220839819
2016-01-09,68.77102172811664,73.24575733380638,59.85827932779159
2016-01-10,69.35206353598626,67.57974584122121,65.08479639283755
2016-01-11,69.553221376184,70.7832369895454,60.91375307040725
2016-01-12,69.45403195728179,69.19438911328332,66.11490105291226
2016-01-13,70.23856606257111,63.8991976953744,63.59372193962021
2016-01-14,70.42812212175431,75.83853654211701,64.56792582916167
2016-01-15,70.97643353248283,74.32143220181935,64.74453019334486
2016-01-16,71.0745522485717,67.60101293858787,63.89602546726809
2016-01-17,69.56146246226264,69.3174635871372,59.77585400455053
2016-01-18,70.83413358978912,74.6383700762733,61.68188718006041
2016-01-19,71.31717773589507,69.8659505209156,60.67562909254013
2016-01-20,70.1410997109514,72.18989268389053,64.25889814660006
2016-01-21,69.82330859051166,69.70201472712851,62.62209504275465
2016-01-22,70.08270151070982,74.94387658283951,63.804452572123274
2016-01-23,71.11685334893234,71.52028415556258,62.744948174833894
2016-01-24,71.38101606017968,76.06555484653188,61.981249092768984
2016-01-25,71.27318023044185,68.66671126426516,62.92351929535283
2016-01-26,73.31242785163589,75.83675239586273,60.502826441927986
2016-01-27,70.99524965391835,60.912533715259656,59.490697920896636
2016-01-28,71.45856466926442,68.55926525284562,63.49989140377483
2016-01-29,69.76266824794172,70.20588972277956,65.23547511512965
2016-01-30,72.12603454113588,64.94750358608285,61.08271511768424
2016-01-31,70.99140097713084,69.25600454575329,60.01423640819806
2016-02-01,71.65914841789692,68.68010839893934,64.95558546529867
2016-02-02,73.09301643584314,74.12262480179697,60.95588118871775
2016-02-03,72.32691067761832,74.77799213887008,62.40932417314388
2016-02-04,72.12920020707519,66.80790301686966,60.27857955650126
2016-02-05,71.51340996167539,63.541305014768234,61.365855472210946
2016-02-06,74.0331683740094,57.230229446959484,63.08581750716895
2016-02-07,72.72867381377603,74.1478902721141,60.61702383712053
2016-02-08,74.1325407480103,67.40642155582808,61.8125901993692
2016-02-09,71.96140632915552,72.05545126202894,61.903303466102344
2016-02-10,73.06116507447564,67.61648359165626,61.289246757768076
2016-02-11,72.45505109349888,67.38979937685622,62.16996246028198
2016-02-12,74.0245642599811,71.55945110854562,65.66315722028438
2016-02-13,74.12220940865906,69.94333836395728,65.58726838284093
2016-02-14,73.8499818551351,66.4210202828283,62.26079166942847
2016-02-15,72.60225370369092,74.16564307882442,63.74234239088427
2016-02-16,71.27749781466069,68.38396482018831,59.87041814804413
2016-02-17,73.32374024702257,63.64669203981911,61.76977773897524
2016-02-18,73.36415768927195,56.647979908586336,61.237858541482176
2016-02-19,73.47139614115312,64.96051727958292,61.648729449413096
2016-02-20,72.29737724147085,66.87334098941552,62.290858755087065
2016-02-21,73.57912121417829,68.80239113551288,62.49960701859352
2016-02-22,74.23076199267764,77.35513324409682,61.76736420921624
2016-02-23,75.00836553044437,69.9475036598271,64.09149662540803
2016-02-24,75.1679311288656,77.74157045486365,62.630641103297634
2016-02-25,73.44155279901315,78.90376947168551,60.756180693055065
2016-02-26,76.25654213027202,65.02836294595113,64.04005337667051
2016-02-27,73.46606566472035,78.94364769814578,62.01351201828438
2016-02-28,73.74325381605304,68.56921892844173,66.42373697862138
2016-02-29,74.3726517184104,62.0364789459728,60.52351229729196
2016-03-01,73.22080469503874,62.35312023074544,59.248339051309436
2016-03-02,73.63528161586608,60.09255224138015,64.39588898487412
2016-03-03,73.31186671689493,64.02372551642918,60.499515304364394
2016-03-04,74.17060630429924,61.472801835879125,63.674936104723066
2016-03-05,73.80204866076087,69.51015168102315,63.063306642026106
2016-03-06,72.66139347322482,62.251127113454984,60.256894592272886
2016-03-07,75.34154162425273,56.216954654026424,59.2546544805827
2016-03-08,74.50117704963425,78.36242768993793,62.17200585622597
2016-03-09,75.03107328902531,68.20845886866854,60.93743349668085
2016-03-10,77.05602517573298,67.63492482100952,60.4053363728166
2016-03-11,73.73892542492511,63.27826353490669,60.003710906651825
2016-03-12,74.24250938113653,72.39428970312001,58.03570326047529
2016-03-13,73.35848851190116,63.749357010961305,63.25116699788878
2016-03-14,74.20223431389562,70.38880745658284,63.88762081876488
2016-03-15,75.28591672685255,63.71650851665409,61.32886282286946
2016-03-16,75.06018198639387,59.03826880878091,63.8166628201737
2016-03-17,75.53841018194568,66.82797650962365,62.350607128888434
2016-03-18,75.29203621456121,60.6748524270813,62.11210321335189
2016-03-19,74.39142790599061,60.35861270770675,63.180416792995935
2016-03-20,75.33518173880367,59.27942015880043,60.90360262486073
2016-03-21,74.30854988372808,62.08186061065055,61.41186426707018
2016-03-22,75.0295355694364,69.13536474879746,64.33860745203597
2016-03-23,76.140572831843,65.00004165876345,66.9737319373966
2016-03-24,76.88705092287591,63.866367194803324,63.38626562539059
2016-03-25,76.29659599517953,65.98428141715003,61.84621775403109
2016-03-26,74.93069364142734,69.67576952372637,65.01071800027101
2016-03-27,74.82328321715269,58.50671490740684,63.47460302707961
2016-03-28,74.19587163614398,58.363694694720614,63.972909564561505
2016-03-29,77.54438749602261,57.32033185132075,63.21662910617788
2016-03-30,75.22394302882033,72.29471287748207,62.83729846270596
2016-03-31,74.19026527196638,61.37717260222185,61.096429384799166
2016-04-01,75.08863903061749,60.703368035219846,62.15622158293609
2016-04-02,76.02661302717921,62.48530057945783,63.48641243303753
2016-04-03,75.19843423561785,60.510628340191026,60.203854470371795
2016-04-04,76.17279080268237,66.09939051058282,61.676624677525794
2016-04-05,76.51294363409403,58.509932513560194,62.41081677561016
2016-04-06,77.20763606488103,57.35628737060918,64.14287759702835
2016-04-07,76.49398462519756,50.326359244289506,61.57717538233527
2016-04-08,73.19785753084652,53.29460407592434,63.160707487658044
2016-04-09,75.62530393570505,53.38411372040295,64.74591078578509
2016-04-10,75.09845425582792,68.82585238102206,65.73953580507826
2016-04-11,75.76184574453899,50.787524961076535,58.997442942282596
2016-04-12,72.68167519277729,53.569122938222264,63.46794152434595
2016-04-13,77.75488495340213,57.20103599975823,62.14302746718004
2016-04-14,76.87075665998881,59.47878679700461,62.24006563621032
2016-04-15,78.32386457466936,59.84257661944105,62.10400232953716
2016-04-16,76.39442096106761,49.983568373099686,59.869267183108605
2016-04-17,77.58919050399902,52.17086838659492,58.17399447386377
2016-04-18,75.43181543597915,57.27330789860605,65.55480476398316
2016-04-19,77.35195890624337,48.69898378884021,60.68933313551461
2016-04-20,77.17544050767552,50.3149267837769,60.103260787853316
2016-04-21,74.99229177921161,60.21163346233481,63.4128789096295
2016-04-22,74.82955733502416,55.496609919949194,65.89278109245619
2016-04-23,74.69613828817758,43.613947283681235,58.37648917769703
2016-04-24,75.92592841550483,49.50676068127167,61.12870437311822
2016-04-25,75.73770262566318,64.18895185030914,66.01207927997594
2016-04-26,76.47821588459786,52.11536380390908,63.9301480617344
2016-04-27,76.83136548651723,64.52759844835646,62.61327116929712
2016-04-28,75.50770523072566,49.8101726882489,66.4486414178406
2016-04-29,76.18197332316883,55.90606342240613,63.720713607173224
2016-04-30,75.8281659551529,42.21192041477923,63.94089079676237
2016-05-01,76.00099336837222,50.46339300557176,63.62666408699422
2016-05-02,74.90150907294368,53.20534439790375,66.0941951123596
2016-05-03,73.44408185340308,48.67176593858501,62.9703944635037
2016-05-04,76.7979461305779,53.24387342568244,60.92216110810592
2016-05-05,74.46491969828065,48.50657288201068,63.35793055782283
2016-05-06,74.47720122576037,46.63842010663168,62.02758798092744
2016-05-07,74.61715218519227,50.05330687756209,65.2764214139996
2016-05-08,74.96920321969101,57.57773138096364,61.24806791704369
2016-05-09,74.22195828129796,59.15656729806838,64.31455669352681
2016-05-10,75.43463734297455,45.18230781310579,60.18553370814302
2016-05-11,75.39041377828607,48.294981090816904,59.66680515697701
2016-05-12,74.93396826243682,36.776158301864314,65.38092766769105
2016-05-13,74.42293560280014,50.04212107819998,60.84930166384373
2016-05-14,73.82989546261663,43.67929257732024,63.79147172673712
2016-05-15,74.91309038193585,41.34420502414942,68.37396673261183
2016-05-16,75.7987303375191,50.932052739707174,65.12023988126383
2016-05-17,75.29698273382056,41.49462406720461,64.11674268750049
2016-05-18,74.47733712456697,43.15494812427694,65.2456256894042
2016-05-19,75.26159767413617,45.646322898020095,61.28850590550361
2016-05-20,74.3348510836974,48.038411767919555,63.496951185932005
2016-05-21,73.75972753062831,35.839491662997915,61.83964195409505
2016-05-22,74.51025050241311,27.384367392286833,59.35380808589938
2016-05-23,71.69577598765277,44.27193795790993,62.933969223938696
2016-05-24,74.52501902486513,48.288697097646676,61.81206876943579
2016-05-25,73.82592021777718,46.28261722498468,61.178233581800605
2016-05-26,75.54911258438449,38.8421302200975,59.21394505469741
2016-05-27,73.1095199457032,48.437683683344524,62.62724327946281
2016-05-28,73.00856045349192,40.81341785050777,62.72654762503837
2016-05-29,72.72954407170366,34.58584164985231,62.23265128962278
2016-05-30,74.36196009432236,42.13878640898934,63.298542292831364
2016-05-31,72.0514208996042,46.04629252297471,62.52013521929353
2016-06-01,72.60134741786483,42.68803579263478,64.37056186325606
2016-06-02,74.14049218614255,40.07514900429918,60.84759203659352
2016-06-03,74.69351003193455,36.26252996662185,61.67439756864272
2016-06-04,73.31965252522886,39.635629650123576,63.02529028659999
2016-06-05,73.6616670586383,36.255009638719706,61.99430241859374
2016-06-06,73.95025501913,39.91266067083335,63.82965869796294
2016-06-07,73.74862457220257,47.95592232610366,64.8179300449767
2016-06-08,73.82926629577744,42.2227592661841,62.710533666606274
2016-06-09,73.00409406520998,42.592799686076305,61.63964157645438
2016-06-10,73.58773685371877,43.65159656014112,61.55830722134847
2016-06-11,75.42479782678683,37.49600156186433,61.69702252557599
2016-06-12,72.85873073439576,30.25021822083791,61.276403634711734
2016-06-13,74.58585850248255,43.958692181171045,63.990069722558886
2016-06-14,74.23783488239623,40.055243802440046,62.79381255921541
2016-06-15,73.99890238927648,35.963686902055386,63.694417395125626
2016-06-16,73.0272118654737,40.75159770722012,64.03178238288582
2016-06-17,72.93777518841208,35.85879450516349,64.39160061695972
2016-06-18,73.07517146206123,40.15747439602751,65.59496747835291
2016-06-19,74.5152278252312,34.294050993542534,60.71283607548086
2016-06-20,72.24814881387306,36.28878665660655,60.77454468618427
2016-06-21,72.72319373006007,30.464419368882503,62.19866476275755
2016-06-22,74.27935209470787,31.052025169263374,62.59583472529429
2016-06-23,72.1847682293843,35.23178975554592,64.794615078566
2016-06-24,73.27938638777124,38.63511484781614,61.63846871386307
2016-06-25,72.05117166685142,40.50167472528023,61.24639578853452
2016-06-26,72.32814287971999,36.18626791498242,62.09397666489967
2016-06-27,72.50262389603073,37.07153384269172,60.65827065745386
2016-06-28,71.46009285194594,35.661664159118956,64.91474442283689
2016-06-29,70.88258373219152,36.03454200027874,62.95409537568469
2016-06-30,71.76282209817123,31.131227102927546,62.97601596816833
2016-07-01,72.88815238087082,35.568196986347175,59.35798165292841
2016-07-02,72.79791316636194,30.10188056387458,64.28209236070653
2016-07-03,73.93404061068179,29.758029830960975,61.36532763962735
2016-07-04,73.32976745439346,32.52137650302399,61.69548679192868
2016-07-05,71.72784061981518,35.78157989380523,63.27558755987888
2016-07-06,70.42855036032897,31.33465548861894,64.67565120338816
2016-07-07,73.40238475928243,32.26146605029886,61.55637872127663
2016-07-08,71.72719653982409,52.428276910316896,64.59541871489586
2016-07-09,73.04026056251672,37.789492426822655,60.513992037819406
2016-07-10,71.42217142211018,23.840298279531243,61.11507729452641
2016-07-11,72.00021577740331,40.699105548959324,60.37401500478586
2016-07-12,71.45349509018833,27.339177211227266,61.733801062561184
2016-07-13,71.01405556680251,31.812488709127997,60.138616980611474
2016-07-14,70.60316092056594,30.481904143237834,64.00128902884737
2016-07-15,72.71297836423493,22.647647045257546,58.95033813358889
2016-07-16,71.62225490858084,27.0025963560857,61.88658676247537
2016-07-17,71.82956714778405,28.740216012808773,63.13298252344493
2016-07-18,71.08711338049713,33.06682752484633,64.96382279365739
2016-07-19,72.46983546875616,28.01925331765476,60.90427475874933
2016-07-20,71.60357659531712,31.74715665729827,66.36509385162286
2016-07-21,71.31799481350613,38.04706209208352,67.05749640232034
2016-07-22,70.30926638796598,32.26772203298944,62.142976776132336
2016-07-23,70.85426575618347,30.92040704761262,64.2503007164082
2016-07-24,71.39167078159008,16.243291848035653,61.08743944089548
2016-07-25,71.09567708762151,31.119306955434748,63.02695486104345
2016-07-26,70.23023857268365,32.62311120645383,61.34440085834571
2016-07-27,72.48546908921686,37.581391157212835,60.61499217040299
2016-07-28,70.95419906729137,32.959776387084446,60.63808147720424
2016-07-29,73.5907812258664,24.01436913895083,64.01316342469086
2016-07-30,69.55226264697532,27.41012828279442,64.09057113704873
2016-07-31,70.23737465742568,27.002314421268927,63.07533073680381
2016-08-01,70.2044586114525,35.41367872663739,62.960478375651995
2016-08-02,71.29310002342251,24.54215187594226,60.89963686675596
2016-08-03,70.90105609855647,28.395881579531633,63.24197849236766
2016-08-04,70.77534174107568,25.387310856822168,64.74780517330451
2016-08-05,69.12673530789091,33.477024062643764,66.3595619890115
2016-08-06,70.21188927614809,32.40467732280855,61.41780658283009
2016-08-07,69.08279994861775,29.064411255520884,66.66090771005
2016-08-08,68.89567844499663,27.037394170093293,63.57661864602238
2016-08-09,69.35477526467176,27.637320318486985,59.28589665432951
2016-08-10,69.95182538266909,26.475855434143597,63.617599019085276
2016-08-11,70.00969801037013,27.63648723858218,64.57276744439213
2016-08-12,69.6739446322423,24.904795879931164,66.54424604052572
2016-08-13,70.01712640119426,30.52004254926543,65.08984934108925
2016-08-14,71.8436348925221,27.37630519782385,63.25170869471651
2016-08-15,69.16509003895833,36.84285786012313,61.76858906606099
2016-08-16,67.39546012017576,33.920242275547444,61.69883319343677
2016-08-17,68.2139756008669,27.69853922425885,63.72521905158119
2016-08-18,69.89356824609156,35.44353749317496,62.727518459548335
2016-08-19,69.66794879250553,28.050550804173366,61.16594901041369
2016-08-20,70.25996125299204,25.37324131235543,63.34264176203565
2016-08-21,70.01469891440541,38.780392613104034,64.80390324057979
2016-08-22,71.29059603405942,27.91645089667884,62.98160610952538
2016-08-23,69.8142609933289,23.705225945128703,63.35687192120962
2016-08-24,67.65889994704372,38.79576087894195,61.7786221659865
2016-08-25,70.09225549875364,31.611625069838414,66.22107215607507
2016-08-26,70.4156511433102,33.10330153791499,62.75537361557024
2016-08-27,68.78267662813478,38.481499527351545,63.94660319902938
2016-08-28,70.12244087841444,34.599803532951036,64.60665442201694
2016-08-29,68.11482430516767,48.79386877746241,59.124488399275215
2016-08-30,69.55923990599695,36.74650349092582,62.176273351543614
2016-08-31,69.42991365354774,30.82255077669136,60.98183657541007
2016-09-01,68.0701185149266,38.37127841214961,61.36882458121875
2016-09-02,69.80842952683331,37.239662204776444,62.081800150269984
2016-09-03,68.38514372459963,32.20235272387578,63.54863422603099
2016-09-04,68.36499963290548,28.112358136458873,58.6429798127363
2016-09-05,69.77227724202963,36.29153905013973,61.82965206922775
2016-09-06,68.1354227167133,29.904735057973973,60.685092172763106
2016-09-07,68.88783710814852,25.442057851615232,59.917582517365226
2016-09-08,69.29418738300792,36.83002195855854,62.61073406013743
2016-09-09,68.44403239140824,33.718786903293896,63.751767851825555
2016-09-10,69.61727947918872,35.83288882183802,64.40836143913623
2016-09-11,69.54848847619387,39.21272853364009,64.92592807297412
2016-09-12,67.87603338497654,30.227356179998253,62.94032288212027
2016-09-13,68.9544466265295,29.575605246779617,63.46454511365304
2016-09-14,71.3178441150925,36.79486013367547,61.97026862175517
2016-09-15,69.64054878789743,36.08972811357448,63.73500455425194
2016-09-16,70.16654032023737,32.22172609662403,64.86750276632823
2016-09-17,70.79467368347805,40.16965245120527,61.91245963931063
2016-09-18,67.182767707091,32.25622364094142,61.06676917047125
2016-09-19,67.66354916818155,35.85695320523502,62.17059935247024
2016-09-20,69.76686716917001,40.5894710964058,68.40674901986105
2016-09-21,69.11893344213657,50.685001616436075,61.71030541826707
2016-09-22,67.3467274909424,40.93584363205875,64.57905059882789
2016-09-23,67.8613987426452,37.56862554694377,63.54602041318665
2016-09-24,68.60148101942598,36.13081275499762,65.63554462020092
2016-09-25,69.69142209106448,36.71660222663002,62.605315054941634
2016-09-26,68.822881968317,44.41774854102656,63.683161253184934
2016-09-27,66.98235882509354,41.33021079117836,61.58387716471923
2016-09-28,68.12679012286577,32.79918402796911,64.24309923475133
2016-09-29,67.67196236511431,41.09969520269732,65.48538765979181
2016-09-30,70.09877210421351,43.29174553650879,60.46580627695093
2016-10-01,69.04110514863848,43.53854454715311,61.93345648705706
2016-10-02,69.35422474829068,41.587894577526406,62.82974623823597
2016-10-03,67.53697914752448,36.42724606954114,64.52709928701111
2016-10-04,69.19423614026717,36.625656426561974,61.961786751460195
2016-10-05,70.42087848260846,40.57523147297567,62.550772186758
2016-10-06,70.3164249436221,40.848650100212915,66.5703203615554
2016-10-07,69.36693139279424,38.96427017109411,64.00245670008266
2016-10-08,71.4385620166814,39.641792161925046,63.37579087910897
2016-10-09,69.78705270967247,37.03600301067678,64.51352515908367
2016-10-10,67.69896804305702,43.854476246652624,65.3877787167084
2016-10-11,71.03869096872177,43.33727420396528,61.268608339337135
2016-10-12,68.96212360533372,40.790910579836236,60.56236681951284
2016-10-13,69.01477548195992,43.1076820647284,64.61225917668975
2016-10-14,68.31763110786203,41.24302337833538,64.99234074970346
2016-10-15,69.02333347398783,39.42447455612207,63.476729095433704
2016-10-16,69.76466086660433,42.58598333433758,62.98777854587829
2016-10-17,70.83416058010847,51.1070258996724,61.398158678520396
2016-10-18,70.84136029801941,44.81314273996819,64.07727083775318
2016-10-19,71.3115029310294,49.122173352695874,60.85051141364924
2016-10-20,70.32074632651425,42.62976197805569,61.82885200415563
2016-10-21,71.62639573701128,50.16171264191406,65.68824031854355
2016-10-22,70.56365222575658,46.64223081322692,59.50609385591792
2016-10-23,69.51350750068023,49.18313932170711,64.54644171013786
2016-10-24,70.30233117403529,47.988840064778856,63.20583123740827
2016-10-25,68.7409052805209,38.74616905398402,64.19389657442204
2016-10-26,70.21031754792254,41.69144340550017,61.37391716870395
2016-10-27,70.11984888189778,47.88421789052707,65.74542515023188
2016-10-28,69.15472275681789,54.191928354372735,61.203613587982915
2016-10-29,68.97568742459306,42.9332377785706,61.93515053384386
2016-10-30,72.10871861563636,39.30265232594514,63.916979635430266
2016-10-31,72.06609828829866,53.39880925464251,64.90716108781339
2016-11-01,70.93518459145808,41.43996416115459,62.66268010680929
2016-11-02,69.88783656234575,61.97850311584719,61.93930193127334
2016-11-03,70.73326317236398,48.10816141012098,60.87314029492428
2016-11-04,70.87379827306476,50.863476960689425,60.4467499633883
2016-11-05,70.93447454825423,59.647338260362275,57.79006500043919
2016-11-06,71.06525178648285,49.88445732270485,64.10239574522593
2016-11-07,70.27689069719783,48.14163431552315,64.86864325955328
2016-11-08,68.61410816787293,49.8156193197047,65.82820368224961
2016-11-09,71.80092837517151,58.20195048322265,62.71690750369355
2016-11-10,71.30682115934736,51.793885962382255,63.002487290230974
2016-11-11,71.36373943557734,50.56239299199397,64.65893689468153
2016-11-12,69.97348084578084,54.16291303730483,63.43230996857435
2016-11-13,71.21301341981739,59.00010226466474,62.79074528444842
2016-11-14,72.1510888180825,53.709198199967226,61.313003347900455
2016-11-15,72.0810763396265,49.23150915975229,62.611140093548364
2016-11-16,72.57787702793105,52.0430481872319,59.934444729029224
2016-11-17,72.71453247754432,49.878157249071016,60.89936575813214
2016-11-18,70.97827006586812,50.06486623044334,60.218640808419686
2016-11-19,71.09139549254381,48.4186457421136,63.7804895263325
2016-11-20,72.43472219255528,56.17357221301212,59.84547246745344
2016-11-21,73.32757750964555,64.3616194955556,64.00335524944178
2016-11-22,72.79163358822748,55.50549481935701,62.50809135016706
2016-11-23,72.28688089302375,59.96748694394285,62.38670974889477
2016-11-24,73.61908052290332,50.628533861388476,60.762269436923994
2016-11-25,73.93086113335264,50.60200005852775,58.9683512157651
2016-11-26,74.08589622571009,52.658673216583864,63.66173480862016
2016-11-27,72.45458127473466,53.81924162770429,63.1640937541009
2016-11-28,72.3978998054934,56.94740237525222,61.67477867372769
2016-11-29,72.19736757582584,64.26793545752561,60.73657182696074
2016-11-30,72.87216267767606,57.88668586218584,63.333390909381436
2016-12-01,71.57190920028081,62.55895932521644,60.14741144066686
2016-12-02,74.29301112786263,57.66456824449669,60.24296446198926
2016-12-03,73.69839186352498,59.86366511994849,60.70067152464793
2016-12-04,72.07024621819193,60.85043168242196,67.51904105641927
2016-12-05,70.80603744800709,65.61816936607306,65.39044523127208
2016-12-06,72.2685696069422,61.98683201036804,61.488420279075946
2016-12-07,74.59311887883258,55.577420610378134,63.48849928590695
2016-12-08,74.6674092219427,60.24693126338495,63.70521622497906
2016-12-09,74.8711063874424,59.979103980069404,63.46605220835521
2016-12-10,73.63992634733968,61.06604867834219,65.58832235421411
2016-12-11,74.72087263843146,61.93045915049173,66.72033358938793
2016-12-12,74.24297916731072,58.58837208006738,67.59921545125206
2016-12-13,73.78004137519244,62.073008150812754,60.137147416481646
2016-12-14,74.84537819313466,57.46940303873058,61.056246485911146
2016-12-15,74.4243498849575,65.67189335718831,61.6868679726711
2016-12-16,75.55752573992318,60.33144717462736,63.76731080596381
2016-12-17,75.17503637969047,68.57430102419269,64.67399865015699
2016-12-18,75.18248993511233,67.56216517672104,61.2131518437867
2016-12-19,77.03007317608218,60.899967327272755,65.17038014711713
2016-12-20,75.954089726116,64.90448535034703,64.82213358971661
2016-12-21,75.05378832774709,64.79581408598587,60.349243613655034
2016-12-22,74.69449283013618,67.16441436782232,64.1047491037124
2016-12-23,76.46312789591086,66.41987426422854,58.467845837817755
2016-12-24,78.47547328092705,71.64079038468735,62.44742072939994
2016-12-25,74.55110965246269,61.314666914971326,64.28829459057471
2016-12-26,74.04195110828162,67.68977378833351,60.89980216187522
2016-12-27,76.86600589066963,67.01646277942959,64.82201284764614
2016-12-28,76.9550097627561,62.250494941114205,65.73373697491017
2016-12-29,73.90385260960595,64.7076521524558,64.60170398468505
2016-12-30,76.92750990742357,54.8116991146362,62.64842135689817
2016-12-31,77.08288327542547,76.29027062279054,70.51824908041152
2017-01-01,75.72587680303774,72.48407796791926,61.9849427198466
2017-01-02,76.34648669617434,68.00197591175149,61.09178233500889
2017-01-03,79.8552312470955,69.85660897665655,59.86778180926612
2017-01-04,75.1196746996572,67.95482076218839,65.36196036940854
2017-01-05,76.8131760482982,64.64351765565388,62.975965629680616
2017-01-06,77.4652619877579,62.58317361862888,61.61065618920856
2017-01-07,76.79650817291405,61.028284824146894,62.76041685873306
2017-01-08,76.71838826111649,66.71711493892977,63.19890496432418
2017-01-09,77.17831172417533,64.79821153188419,62.128597292990094
2017-01-10,77.62904780847154,62.38072697047899,64.72174287359137
2017-01-11,75.94914805270265,70.60704307936712,60.778817536537346
2017-01-12,76.85509901384069,64.9933454749837,64.57087848775436
2017-01-13,76.42802160256535,63.24005301183871,59.514808230112436
2017-01-14,78.06049478620011,68.3830783519749,65.84495815200576
2017-01-15,78.23861973389538,71.60319220210488,63.27024244320997
2017-01-16,80.41438969999452,64.73542538305388,59.51296424161786
2017-01-17,76.75070070982636,72.46470951936992,63.27859995097823
2017-01-18,79.11566076246933,65.84620356213345,59.42801253402895
2017-01-19,78.39410353963785,59.38427283979508,61.48444739351532
2017-01-20,81.4213130509987,77.27015721589444,60.96818804946902
2017-01-21,77.02816828294682,67.9571929307973,61.97712221532911
2017-01-22,79.79572506623386,76.18035093262955,62.70456609054507
2017-01-23,78.2267757954659,72.31624143722203,65.46851631737148
2017-01-24,77.71890962970122,73.07177135853658,62.01731952309403
2017-01-25,79.80820543821416,70.67653216953775,61.92472704077532
2017-01-26,79.60188562769413,70.29305882638575,62.02721817475765
2017-01-27,78.30828575184289,62.65155211468244,61.797328216953666
2017-01-28,78.65438758069689,69.0734296080609,59.143805649722054
2017-01-29,76.33223783722346,76.68748949418035,66.28706932238185
2017-01-30,78.8748699958276,66.83545453744755,58.008715310684195
2017-01-31,77.38467112682791,71.79788553060008,63.65625353415761
2017-02-01,78.01276581024938,65.91434621960829,63.511092700158834
2017-02-02,78.22410278600928,65.3158138612618,61.83847195749355
2017-02-03,77.7760870238473,73.06980214911471,64.3156293440848
2017-02-04,82.28834299925335,66.44369657997493,58.91864232546415
2017-02-05,81.5120412692626,67.25543695328194,60.74970763907136
2017-02-06,79.50324459414765,66.26204252642648,64.6927592764209
2017-02-07,80.77696306486123,67.60762761618378,58.46942812008626
2017-02-08,79.74988905383567,75.98024342757408,64.28569799803772
2017-02-09,81.58121498613016,68.16685981698862,62.811836929119906
2017-02-10,80.16563222441867,74.30431534005808,66.19643226398942
2017-02-11,79.7474871723545,72.18959422335965,62.774852075753174
2017-02-12,77.9496888028519,70.22268470660732,66.34267992666561
2017-02-13,80.22333340240831,66.71083148257816,59.829614993750916
2017-02-14,79.8285342405565,76.81206023292786,61.9270992057604
2017-02-15,80.85127236103617,63.29479221336857,62.448493200985084
2017-02-16,79.31757634446492,76.362674413013,61.90059625230751
2017-02-17,80.9272268219026,81.16923399668737,62.574716160332294
2017-02-18,80.4932233142183,74.13880370969608,59.36438329115068
2017-02-19,79.70692174141793,61.94899252114874,63.63419921367972
2017-02-20,81.9356092814288,74.67342095689176,60.605533948293406
2017-02-21,81.75434155795105,69.58195595632495,62.01221050697306
2017-02-22,80.66866764041737,64.28552277485022,63.40335834363291
2017-02-23,81.61377167004056,65.52322134578488,60.308236660545354
2017-02-24,80.64209684955392,67.8245209619738,64.83739052772427
2017-02-25,81.1091708299963,70.41445924641651,68.04225211552907
2017-02-26,81.6216393435682,70.93623989419206,61.947826866777525
2017-02-27,82.4603919069928,71.85794742933881,60.587534532289766
2017-02-28,80.66234545908095,67.76570101825598,61.32033042975415
2017-03-01,81.46711754208663,70.85939570211369,64.55618654516753
2017-03-02,82.60346611447059,64.58012513189688,60.65529634894698
2017-03-03,83.86696007291297,63.70236732735742,58.2382612785251
2017-03-04,82.27752139671563,71.78405721684959,62.09110678826854
2017-03-05,82.25534224953027,63.68313042464871,58.68546205211956
2017-03-06,82.1330902851044,61.501294543869236,69.36756148427597
2017-03-07,81.67540776108892,70.0762832897562,60.91834195792882
2017-03-08,80.0319166177929,62.67993057089976,62.80070357278449
2017-03-09,81.38030863669759,61.28001591591902,61.25044564623454
2017-03-10,81.35368473820392,59.76924461858249,67.6372195519844
2017-03-11,82.98566945848968,68.4681764727807,59.258748121426876
2017-03-12,83.3945338602058,71.41993264113032,58.28294252041768
2017-03-13,81.17399695353622,73.5119920463169,62.11858781299157
2017-03-14,81.36710415119948,60.00256883255754,60.300055483041376
2017-03-15,80.95814150897284,71.23577978422944,60.79391631541113
2017-03-16,83.34982295436313,58.309695640099505,63.22527226035125
2017-03-17,83.34242189644209,64.44726511730194,66.6488357609225
2017-03-18,83.36865757363869,57.12002839990054,63.41505090886024
2017-03-19,82.71915118288531,64.28280297948405,61.10631314935996
2017-03-20,81.99689684808506,70.72440954794912,63.31235641012499
2017-03-21,81.97770520415469,61.69376043085277,59.809912496153466
2017-03-22,84.91918153090445,58.373705107919214,59.94230054854866
2017-03-23,82.21473579987111,49.421691233651146,62.50280473943168
2017-03-24,81.08043064593602,65.03380307573423,62.37756591515313
2017-03-25,81.85745916258008,57.22242362260961,61.83278788599136
2017-03-26,83.31229068991553,66.53375512154734,59.60811175007286
2017-03-27,83.94097062259056,65.71191035919291,59.63589510145422
2017-03-28,83.81557642065323,55.17029396228485,63.43018457324366
2017-03-29,82.38193545617897,63.04416416857838,62.03720101909378
2017-03-30,82.5095751663435,67.19248349619235,58.45657622187706
2017-03-31,82.84133582276051,60.715475897894535,59.18218898083759
2017-04-01,83.51034889548305,56.24424655809969,63.30324487245131
2017-04-02,82.55443753049691,65.51232958543255,63.41440268986609
2017-04-03,85.53357003885893,60.27454412318913,62.399914468337506
2017-04-04,82.01937422237233,63.01614979934095,61.570006572485504
2017-04-05,81.79476750432497,66.08150212261923,61.91577344374268
2017-04-06,83.8770174164658,63.19257606429864,57.856234987710096
2017-04-07,82.17735670619413,58.51225242509564,60.80918768394885
2017-04-08,83.4343434175425,59.076408148136224,63.77194858134421
2017-04-09,84.4915346960974,54.81000369318605,61.88995666234549
2017-04-10,82.16981593959673,53.66913205400653,61.042606593269625
2017-04-11,84.05012193058359,58.47239282444494,62.55688478079717
2017-04-12,84.44178212298712,65.70175016498497,63.14328896527607
2017-04-13,84.42300064473164,54.63628844906724,59.68237173112446
2017-04-14,82.81720425921085,62.23415934548918,61.553777040534314
2017-04-15,84.19237061841314,57.49371229961618,59.94290554875713
2017-04-16,82.35096804040542,56.0100042974151,63.86764136245132
2017-04-17,82.94338043086249,58.45906993199049,63.8261886096555
2017-04-18,83.00682448938662,59.35937205499811,63.750418886220395
2017-04-19,82.41703559168155,56.87059762541981,62.75330063547196
2017-04-20,82.41267567500249,59.520080995771934,60.632696307546965
2017-04-21,82.30195450442187,55.498585294104366,61.311724457871904
2017-04-22,83.16727695925714,49.00865678142751,60.88912420081514
2017-04-23,84.06359311988639,59.52195526366598,61.50756158529359
2017-04-24,82.64854349397689,56.62230827449984,64.7708301289602
2017-04-25,82.35510207717992,50.88141865164784,62.666545897909565
2017-04-26,83.72644349285048,52.586365251162235,61.75313055365416
2017-04-27,84.65421914424655,59.56369026945857,60.35722570379159
2017-04-28,83.89669001241784,52.8992465534825,61.45320581727942
2017-04-29,82.62782660267956,61.45831138158552,63.06066019078388
2017-04-30,82.6290703899201,45.40502488341488,60.30314847165052
2017-05-01,85.07643972889075,53.67212448384711,62.21949770353711
2017-05-02,82.66390953304176,42.34685353999142,60.95755160601892
2017-05-03,83.48006792845973,52.51045108486913,66.06362870455115
2017-05-04,84.28443373132632,39.839388838421456,60.95129713037502
2017-05-05,83.29978596370196,43.60671245254921,63.33792381513032
2017-05-06,84.66131900288099,37.89579917885223,64.72825403038341
2017-05-07,82.53607153323102,50.321079566815826,63.90482385114166
2017-05-08,84.33091999025146,47.18835965099105,60.7060436086739
2017-05-09,83.96923471099414,47.36552902663511,60.64760516869191
2017-05-10,82.37522996558317,45.639073323073426,58.668194951358906
2017-05-11,81.81292785991627,49.86729317362321,62.60177060984778
2017-05-12,81.22159244632373,49.66065912519609,64.33016517307742
2017-05-13,83.52081757652853,43.91420990927301,64.23335836254721
2017-05-14,82.49205917260703,39.47491053928553,60.316103905904946
2017-05-15,83.15309798105119,46.5291767251317,63.021549482171025
2017-05-16,79.81390124016202,45.825099115827605,58.980208706979944
2017-05-17,80.98578013039953,49.811879142004784,58.255295828938614
2017-05-18,81.33911308095017,48.19529923168401,60.94635701501685
2017-05-19,81.31288037007786,51.663036512045046,63.76333854046392
2017-05-20,80.02607990367866,46.856367029231734,61.52920480687879
2017-05-21,82.9329437363894,42.37783921625876,62.67416971816889
2017-05-22,81.76149119366771,40.82348618474364,59.90903211452412
2017-05-23,82.08279920038281,42.37591963165869,62.519803929387194
2017-05-24,81.27582863958884,47.01548638427579,62.21354380691746
2017-05-25,82.36934701538848,49.678647201237006,62.29823556742261
2017-05-26,81.3500886856569,34.397945906630994,62.024819531696444
2017-05-27,80.73793095517567,42.9400024901305,61.14284221995009
2017-05-28,82.98013474729375,30.015170531250334,62.0867195899553
2017-05-29,83.1522782995804,34.27362848650891,57.532167115156604
2017-05-30,82.33927493356137,41.80280195951065,60.015366835856554
2017-05-31,82.11028154813663,41.553855093312606,64.44317345367764
2017-06-01,80.62086896918416,33.916153933933785,61.9881742788955
2017-06-02,82.26941073269786,46.09089016785735,60.9277083323533
2017-06-03,80.92269667185255,39.39602625461453,58.8897825739378
2017-06-04,81.44079147980707,43.624667732992094,62.232054938251736
2017-06-05,82.30471043676263,33.91162724293794,62.603030023981326
2017-06-06,83.80663846186582,38.98689745412852,59.16088042339918
2017-06-07,80.48819740012982,33.745182091620904,60.82439382408084
2017-06-08,81.67950287824942,42.8808692684077,62.950211612891266
2017-06-09,80.49676667448445,35.90612786273118,64.60109710521539
2017-06-10,81.72107815718833,41.48275494532335,63.10576851903515
2017-06-11,81.98143006981492,32.801931370315216,58.12554515385932
2017-06-12,81.11280290443057,37.515416178418214,63.357427850721834
2017-06-13,80.26637744835375,45.87828258955996,63.47994102291518
2017-06-14,81.60485604571572,39.478223359661804,62.8744076738412
2017-06-15,80.44989139716827,35.05945812008011,63.351208048309516
2017-06-16,80.93872723600327,38.77480398515069,59.88645381416669
2017-06-17,80.65800194053172,33.013710462107426,63.82508513489704
2017-06-18,81.4099215249073,37.43033314071809,62.59923866401315
2017-06-19,80.6609025418266,41.738164564973985,64.52193236614715
2017-06-20,81.08204994740714,39.437414083421274,63.20308662348353
2017-06-21,80.76297871862265,27.936215439283686,62.15842277200885
2017-06-22,81.20004339057819,32.42391059461719,60.241646096446466
2017-06-23,79.42954270180279,33.473002082153705,61.50730951365635
2017-06-24,81.80929510355185,34.35653870377365,60.42518449458307
2017-06-25,79.89154880350397,29.305071599980522,68.15237090922504
2017-06-26,79.62708843623295,37.779957889694415,60.94888769048217
2017-06-27,79.38071774842652,39.79553317249976,61.78070079665537
2017-06-28,79.06435071196769,27.529269247972046,60.6080115215812
2017-06-29,79.62132503870585,38.16769393363565,61.88654154800357
2017-06-30,80.36167821302807,28.0337349771446,60.234744877658116
2017-07-01,80.61237884660733,32.07974428098426,60.05011747703248
2017-07-02,79.36903035801956,40.08788970768104,65.68850818486483
2017-07-03,80.52903918832881,28.337128463778686,60.90511211226195
2017-07-04,80.29346511113464,23.212227469700714,61.95786664563962
2017-07-05,80.57335733318628,30.34258601518325,60.257271126634414
2017-07-06,78.65053448864386,34.437772467159824,61.954587555454
2017-07-07,80.8429716124097,28.7414934015495,62.588650870358364
2017-07-08,77.25960451257365,40.81718004168167,64.05683314831269
2017-07-09,80.64946678144732,31.1155624962144,60.80313757865257
2017-07-10,80.8389064920621,23.064461574409084,60.89297743134819
2017-07-11,77.99025094450172,26.73682501926443,63.05223154545795
2017-07-12,80.0111770568531,23.738784446434074,63.70833595230846
2017-07-13,76.53691114152448,30.306164904396844,58.79999631524558
2017-07-14,80.4362891042561,20.965382912886156,61.96120134895595
2017-07-15,78.13423484866571,29.114464437532106,63.99075314547118
2017-07-16,79.31776461164479,26.79426649868912,61.89212518482948
2017-07-17,77.99174226234237,29.357180566565496,63.55671856450177
2017-07-18,77.74069565561025,32.47495774284277,63.548402120396105
2017-07-19,80.54269551881946,36.35850406633075,62.67782295604722
2017-07-20,78.16098312228078,31.065034988074423,65.15821781576012
2017-07-21,77.81378621442403,32.92110543702039,61.64405298420665
2017-07-22,76.380776653648,26.222801472985605,62.27036115636739
2017-07-23,77.75603200742349,32.03641673329583,63.26831631841254
2017-07-24,79.27204610882437,33.200422630011275,62.927908514144576
2017-07-25,79.2472293200671,32.081609773997805,64.21917235912377
2017-07-26,79.22879001538409,36.93779193169546,62.42629123091982
2017-07-27,77.70093704837927,37.74780230862332,59.012940242857354
2017-07-28,78.95411918794522,33.55881415442874,64.50037491285191
2017-07-29,76.97216469825298,28.43404554431731,60.48255385562129
2017-07-30,77.90422890173672,34.038796027882164,64.84862851197886
2017-07-31,78.85481585459777,36.88712258839356,57.63192242578857
2017-08-01,78.1842099371144,35.476366263049826,62.58851607180629
2017-08-02,77.06313706962581,20.963303338409176,62.53656185286859
2017-08-03,78.10063497599549,23.632576291860047,62.14738646517591
2017-08-04,77.87128824780677,29.976386269561868,61.50884150316397
2017-08-05,77.99049569360271,34.656703331168366,59.07863372511041
2017-08-06,77.87474294080198,26.670185589111078,59.5805096672437
2017-08-07,78.96950710826508,29.036945549611744,61.12702491986105
2017-08-08,78.18411016404426,28.52149057778665,61.69116317713736
2017-08-09,78.09791096404253,31.267724340782877,61.16044655087087
2017-08-10,76.80236901593744,13.847419246757376,61.24280112548897
2017-08-11,78.29212201243291,29.252016594625733,58.79828781616227
2017-08-12,76.45987537449022,30.64946409388543,62.449958093404135
2017-08-13,77.79497803238107,25.918329177304706,61.24394891649456
2017-08-14,76.51647702540849,30.660775902877717,62.05759335968461
2017-08-15,77.63298446482044,31.020900711615997,60.84588830051595
2017-08-16,78.54574684336407,33.2118275497257,62.7152363653771
2017-08-17,76.05660020860495,39.27365488753824,64.1443727534567
2017-08-18,77.64744838657289,27.491175455619683,60.31934100137299
2017-08-19,77.43426973287868,29.414250135408402,62.12232177844253
2017-08-20,76.69520695861735,28.65664131871585,60.68154087993423
2017-08-21,76.78117588588194,32.99186470957234,64.72580366268858
2017-08-22,76.9729362335934,34.268611026551106,58.30871247626236
2017-08-23,77.98882065068881,25.881759913979586,64.18213662830388
2017-08-24,77.18485982061645,26.257149169278495,65.13694962026224
2017-08-25,76.30147703473432,35.58990226581082,58.22538740363306
2017-08-26,75.61640959869747,29.58016961070038,58.155221572026136
2017-08-27,77.49286483895968,34.39930646262393,60.14090726163769
2017-08-28,77.25456096528472,28.652331792283444,61.62290324180997
2017-08-29,77.21998892168598,38.1790036703106,61.302694456123135
2017-08-30,75.14465136425935,40.35085304951467,63.837022829817045
2017-08-31,75.35742556251543,27.59162655364397,63.566151524296416
2017-09-01,77.26424316099757,28.625121460652295,62.04680253313923
2017-09-02,74.9384323752787,31.243808710547572,64.36410541966364
2017-09-03,77.06315440329253,36.4092681441962,59.964184551277725
2017-09-04,77.64022201075738,27.088217883983347,62.569515378166074
2017-09-05,75.05747065790347,38.68619718342614,58.54625512795094
2017-09-06,76.76716654384823,28.813126648789016,62.39106214588646
2017-09-07,76.27212534394823,33.319682232128315,61.46692516187696
2017-09-08,75.40913564488822,29.64450325933658,61.35666016873182
2017-09-09,76.17708061055376,34.064613770300404,61.90442763790842
2017-09-10,75.92407282698032,34.22382046704986,64.401287597855
2017-09-11,75.80558855242735,21.627825736928514,64.1064154607889
2017-09-12,76.87733851819505,31.99596696704449,59.211411178601104
2017-09-13,76.24334397263677,31.68291005617607,60.59170677885615
2017-09-14,74.72923386143674,33.25851494260519,64.01980002274354
2017-09-15,76.84800000225526,35.684469268852546,61.772596398356754
2017-09-16,75.58721934559055,34.47709409712414,60.858991347499085
2017-09-17,76.54213082380676,39.16501700354756,63.067338508075885
2017-09-18,75.77330585562915,34.36416577964578,62.19593700795411
2017-09-19,75.58509431838485,38.15078965640997,64.39882462192412
2017-09-20,76.92094336384116,33.29955270018662,60.60165946634789
2017-09-21,76.02950383331081,37.34050941746956,62.250906321334874
2017-09-22,76.6857989313362,37.25942685184748,58.912505841497754
2017-09-23,75.07911603710849,42.613406175417744,62.48607863081196
2017-09-24,75.30571655340029,37.59641368599296,62.44236400052548
2017-09-25,76.22711099034844,39.63346035181293,63.50337102860703
2017-09-26,75.90515865401443,37.95950169697885,64.43509507466979
2017-09-27,76.67524041511392,46.664585810128955,59.94388413623429
2017-09-28,76.85853749345756,40.24274778683702,60.38869129974613
2017-09-29,75.30637110731689,27.770466594419517,65.43455057015315
2017-09-30,78.28330232236722,44.60241210944963,61.98715062457478
2017-10-01,77.07758628288249,40.83713925527526,62.08499211035851
2017-10-02,76.47422073200487,38.579076764904144,62.8402608193273
2017-10-03,77.76965181791299,41.07645215706968,63.712642466711934
2017-10-04,76.1513278550305,42.50361073494191,60.63627957298771
2017-10-05,75.57969297180344,40.68179326245241,60.447756621178044
2017-10-06,77.80761986787768,41.32592815081065,61.6108909524086
2017-10-07,76.05419687948572,40.332557320469206,67.37255442936019
2017-10-08,76.61015154598826,46.09038140759331,65.29380628257368
2017-10-09,75.25513522262608,45.931943313990445,60.719484370722064
2017-10-10,76.85277107175541,47.335767864456756,61.427433025573706
2017-10-11,76.46695974227933,37.06128091149713,61.85294089039004
2017-10-12,76.54112668830864,51.38487374546987,61.246480756415785
2017-10-13,77.20711849840339,40.47928727038945,61.657086096773334
2017-10-14,76.59816612291633,46.63280987458022,62.26418502444829
2017-10-15,76.51303676498964,45.37154350298127,58.55655703303968
2017-10-16,77.3572304731983,43.65878064246097,65.30477891636951
2017-10-17,76.61541659509115,39.18486805854963,62.741108189764105
2017-10-18,76.61509201986402,42.75284405791983,61.4065760983313
2017-10-19,76.72778916262513,47.70816445368171,61.855841577580065
2017-10-20,77.38142843450692,44.87835082428928,62.73046320724844
2017-10-21,76.76717909047483,55.05351752298379,62.303428240534835
2017-10-22,76.38415088031432,54.767309268844585,62.02654850287876
2017-10-23,76.34977887939569,39.14421432711373,63.40004381100355
2017-10-24,76.17881518781994,44.08162062253134,61.912838264445774
2017-10-25,78.24549164428363,44.34711453801116,63.83786558232625
2017-10-26,78.656686327316,53.450207098394934,64.78065819601015
2017-10-27,76.77167644617705,42.103216409364734,59.68073580055854
2017-10-28,78.25688169203501,46.9246418186071,61.679151416762764
2017-10-29,78.52588387205267,59.89790949605734,57.76985319987418
2017-10-30,76.74114380774672,45.45126442555608,59.847842499832254
2017-10-31,77.8676346808993,45.20975091782951,65.09996013384112
2017-11-01,77.76424762886393,41.00318683143894,62.49255255848151
2017-11-02,79.57590806840128,47.28089453069747,62.850231134175836
2017-11-03,75.97661652574756,48.94663687181501,64.75776372998905
2017-11-04,78.69156176972803,45.26259055263805,59.47199448667328
2017-11-05,78.02475078706789,45.371541398114246,59.41229037713062
2017-11-06,78.44272664279958,57.213110372463106,61.76160042571307
2017-11-07,79.45545353349081,48.282342658382106,59.34183033620877
2017-11-08,77.95963914551837,50.12909524218701,62.118521935731465
2017-11-09,79.85993626792617,56.44653273808598,60.89883562040718
2017-11-10,79.58501898917234,56.00529747760624,61.47937997247178
2017-11-11,78.68246707330282,53.67695860290282,60.83290435939634
2017-11-12,78.4366012368003,54.2339275538365,61.58301851721022
2017-11-13,78.85699630574038,54.3259757820361,59.027562353050655
2017-11-14,80.13960951191726,53.239662032384615,66.52573890862749
2017-11-15,80.21458704118325,56.70137202313244,61.51538050484746
2017-11-16,79.59876775604505,48.81119152940279,62.72976344830033
2017-11-17,80.82912817277497,49.80393676271605,60.908091285996115
2017-11-18,79.63901818746604,53.43931274513835,62.513578610772555
2017-11-19,79.97308511647206,46.907201511620094,63.40070653475156
2017-11-20,80.11812402885887,59.710553360131456,62.47158573215307
2017-11-21,79.65378125096625,58.26280322987222,58.26307817863039
2017-11-22,79.11025898370305,54.6501202344667,60.30008492186473
2017-11-23,79.54914008987797,54.6363096667062,65.92765593334926
2017-11-24,79.78043559051572,56.65352941311954,62.47304167392842
2017-11-25,79.38409109524979,61.940997027794175,60.89507756807201
2017-11-26,80.99342034578842,55.157676940720656,60.989917024422624
2017-11-27,80.03064380744188,57.59738757700907,63.32440301744805
2017-11-28,79.89523428603765,55.04524274476118,61.333472968096736
2017-11-29,80.95372537686777,58.9568005162295,61.07164674574086
2017-11-30,80.42383302851827,53.80763860385798,63.55542132599954
2017-12-01,80.94402891735841,61.48734210956853,63.43234199465312
2017-12-02,80.39356260821326,47.65582370738613,58.95334934517173
2017-12-03,81.13478862395726,54.04499635401674,61.76224190454459
2017-12-04,81.05184409535039,53.19264834322692,60.493055592774056
2017-12-05,81.0876476689842,65.41436180475321,61.79053095346592
2017-12-06,80.9050945923697,69.66834651750558,62.66792801134992
2017-12-07,79.50987770005132,52.23250979131773,63.684551434718266
2017-12-08,82.78329182991904,59.50833991840666,62.557870381685554
2017-12-09,81.35008579231399,52.62350089747234,59.740506676733624
2017-12-10,81.34943080865963,53.098375400104715,61.0883715267531
2017-12-11,80.58739029060932,56.53496537918289,61.152500039153544
2017-12-12,81.42570290574827,63.718918144341814,66.90655207428391
2017-12-13,82.85945237963844,66.78499340546443,62.070325598512795
2017-12-14,80.75876950671301,66.51186746488878,65.9882078662056
2017-12-15,82.58948523911346,69.39741655210321,59.12221255324583
2017-12-16,82.61212368073991,64.15062751025108,62.07717858788952
2017-12-17,82.98620284984862,60.15783940328613,60.6638919543263
2017-12-18,82.27542536967178,59.0351422304832,57.754085144945904
2017-12-19,82.47060079489398,66.05758067297744,65.4328343829234
2017-12-20,83.83426080853128,60.768176590323534,61.57422755763963
2017-12-21,81.99891227240168,73.73319688238156,59.793778210126305
2017-12-22,83.5956516160483,68.97639869631041,62.697592739992245
2017-12-23,82.79019119641455,67.65853534245204,61.62236245688295
2017-12-24,81.29649773113155,57.0311898906897,59.35981614312011
2017-12-25,82.06319870156331,62.0652788665504,62.302714423730784
2017-12-26,82.72324931453215,68.35198016474942,61.61794843522093
2017-12-27,82.7392283979171,62.02799063579913,57.499894429483504
2017-12-28,84.16151035411808,60.548125286434654,60.586279630220794
2017-12-29,84.00677467011904,57.37252019242566,59.032106947471576
2017-12-30,83.86789376228324,69.71706713364914,64.25996956378816
2017-12-31,82.61501758792846,71.19379716273673,63.05673481323074
2018-01-01,84.05342926634839,69.17248988527042,61.22271787579297
2018-01-02,83.6607781486102,68.2410306357892,63.23744162783754
2018-01-03,82.47125476926976,58.94952750245254,61.61472658888251
2018-01-04,85.29033767844953,69.21005952631945,66.00443257981601
2018-01-05,83.62803077287471,65.98089554703144,61.03013769742277
2018-01-06,82.69743687331962,67.83913990364499,59.53105934279547
2018-01-07,85.17051077214015,65.90913360708139,63.28936714273654
2018-01-08,85.11823789429396,71.81601437020507,65.44495740249882
2018-01-09,83.5104500226373,72.02160074382553,65.1954699101047
2018-01-10,82.63103803381884,62.19583041010137,57.94438649173826
2018-01-11,86.85437973375683,69.31349746772571,62.592709534414304
2018-01-12,84.62776505011466,70.06486675556273,58.9917301205937
2018-01-13,84.0967561498104,66.30081208077543,60.42021011125676
2018-01-14,86.539028344416,72.49382929543711,64.07556861856754
2018-01-15,86.34183779313304,71.39110707061586,59.83648159341831
2018-01-16,85.05514145793578,72.19942135704544,62.068439106777824
2018-01-17,85.45466948353771,65.00225228908963,63.683688783048765
2018-01-18,85.03814725006603,65.08652679581232,59.105623791834454
2018-01-19,85.16104699142335,67.82540312447792,61.506180071326646
2018-01-20,86.99210920690741,66.59426949438758,65.93032308846304
2018-01-21,85.97447215764208,67.68801898543134,59.3022452335454
2018-01-22,86.23510637041815,63.64987239034802,61.79526086405952
2018-01-23,85.973216844223,72.82660124969618,60.32347286173725
2018-01-24,85.00678350779373,73.6031583860544,58.36585905278938
2018-01-25,87.81106414445667,68.29517501253225,61.55678507626256
2018-01-26,86.51571249669753,72.42600456371888,59.13304427915203
2018-01-27,86.22396705441199,65.77315210842451,61.805319236670606
2018-01-28,85.58438097924936,75.15020884698548,61.93929060095055
2018-01-29,86.38810713438168,68.95127616757858,62.24599970810088
2018-01-30,86.11271717086258,71.15012026390144,61.1156450412834
2018-01-31,85.86920423116888,88.19906072169856,63.378740502629704
2018-02-01,88.04935478076322,63.996723474179625,63.549090740880885
2018-02-02,87.74185353213183,70.98849499164409,59.62247829099136
2018-02-03,87.74207420960204,73.29983071992976,65.73303139128191
2018-02-04,87.5060490714544,69.09664869688898,60.683543845346065
2018-02-05,88.11349611406875,71.89753063874637,61.28073441739636
2018-02-06,87.01628918730417,64.00767799852575,59.016940493417565
2018-02-07,89.71577611056938,66.33671479230635,62.53027142927903
2018-02-08,87.24035028026822,65.72289885810672,63.19920627196968
2018-02-09,88.6512567533715,64.31488822235093,62.67579625054298
2018-02-10,88.21861852308548,58.1490859239084,57.94205686058948
2018-02-11,87.04576391809994,64.5358644681441,62.78724027165773
2018-02-12,86.53890459185028,73.74430028061684,62.06565203651181
2018-02-13,85.88302737258657,75.30050868314434,61.65549998793467
2018-02-14,87.33194458836724,69.27703779031694,58.79524890667753
2018-02-15,87.85678768991903,68.79974631913078,61.129914526014694
2018-02-16,86.21170463717608,71.87375801307125,63.58893194360992
2018-02-17,87.91747773538464,63.576394241981546,62.31894221682632
2018-02-18,88.45646844155745,71.2030988269728,62.976641235259855
2018-02-19,88.7137181734239,71.8629810404433,63.288870771722934
2018-02-20,88.6940690616924,63.77773243905437,56.95368124861705
2018-02-21,90.39914604671671,68.67785326206432,60.71127170302547
2018-02-22,89.01883271606565,69.23185102418616,64.59739002883722
2018-02-23,89.4467765620965,67.46654446777052,59.88679820860813
2018-02-24,86.66363019960686,73.88766654442009,62.9479805794392
2018-02-25,87.83351018843314,67.63005377766308,58.44558926139346
2018-02-26,88.82627538988392,69.73862044695066,64.9397400006491
2018-02-27,89.32462479611222,69.4860096757841,63.826511193156165
2018-02-28,89.20886703755707,67.67032356295445,62.76826818474548
2018-03-01,89.08538021717082,58.666197699646446,65.56027912021291
2018-03-02,89.03360525111944,59.62123542763269,63.37537535758006
2018-03-03,88.89377402662092,80.9615312134875,61.54041552616204
2018-03-04,89.67936945523805,64.80029396373028,62.39856060249894
2018-03-05,88.70453532929079,78.1830922737216,63.263691383476285
2018-03-06,88.05635282609562,65.79585468093232,65.8469681832478
2018-03-07,88.3125723719307,61.30298751665547,59.167143555357704
2018-03-08,88.77188907333911,72.29147848910048,62.86407397382948
2018-03-09,89.09579202129964,59.23693923562892,62.1292335754076
2018-03-10,90.84523867996155,60.38767740583286,55.89338456826636
2018-03-11,87.60489220676583,57.79093358582301,61.65710020987399
2018-03-12,88.6059179618873,64.41659593374314,61.761183249593614
2018-03-13,89.54661468346217,60.32277993352739,60.431322182724514
2018-03-14,88.30558255194467,58.50647002308671,59.59687976457119
2018-03-15,90.14610636837688,65.4098886317201,59.93601605021519
2018-03-16,90.91945819525343,61.20163456113661,59.492060469656444
2018-03-17,90.00015338987367,64.14811324199367,59.24330539921916
2018-03-18,88.18055191792428,63.186148703459814,63.19647503147674
2018-03-19,89.77694666779486,62.62753551213427,62.24220494869622
2018-03-20,90.84688725024188,67.75151117073271,60.25406506329815
2018-03-21,90.41914505888086,64.05381117658575,59.3365267342777
2018-03-22,89.94810263618575,52.97269828962044,62.751377340330016
2018-03-23,90.32418831356317,68.70086591730508,59.51369045731572
2018-03-24,89.30326668613826,66.14413226720478,62.486979917618555
2018-03-25,87.73094331766862,64.92960521442984,61.7434576216428
2018-03-26,91.10527798071325,61.5649020431932,61.326672192129436
2018-03-27,88.22290541726343,60.13039301197293,60.7951937417503
2018-03-28,90.80220535978957,64.46387708234577,62.82791263267777
2018-03-29,89.00605009083998,69.00743128533895,63.22093447915828
2018-03-30,90.0390787902057,58.75241233754583,61.04507194159459
2018-03-31,90.1319757648896,62.307007393194596,60.72808809528366
2018-04-01,89.77145760294707,58.836655063654504,60.564880955737124
2018-04-02,91.94898649754505,50.67551403956204,62.510429721691594
2018-04-03,89.73480990167795,64.7148069540519,60.39364318745371
2018-04-04,90.05028855563884,69.69203059004572,64.42857318985702
2018-04-05,88.61768472233402,61.6711899689801,62.918890528009086
2018-04-06,89.37357805519761,49.231102742400154,59.75886763167615
2018-04-07,90.13780425880377,51.07367799501303,59.86894126481492
2018-04-08,90.0621700516402,56.75676677989836,62.14239937934715
2018-04-09,92.79625166819638,54.191285113805414,59.83359831712602
2018-04-10,91.29628519185451,62.7839664375288,64.08332296155751
2018-04-11,90.0975650833348,64.57467082124364,62.428759914548515
2018-04-12,89.50052858002238,58.44449111977701,59.645519134473446
2018-04-13,89.46385941082475,66.06110431143685,59.00829845793098
2018-04-14,89.04919780728667,52.982483694888536,58.468797160360715
2018-04-15,90.38811476238747,39.67448190888124,60.57664561053246
2018-04-16,90.51856734051316,48.62859018439891,59.094600528540255
2018-04-17,91.03175812297023,49.41204470419089,59.40540146120251
2018-04-18,89.01102098747629,49.333743540308845,60.98595829674846
2018-04-19,91.00519245861155,55.827171573712214,63.795264273084534
2018-04-20,90.23075969242797,53.084633787817964,62.73301129135777
2018-04-21,91.18508023823377,58.443277638825904,61.60879914568169
2018-04-22,88.79392358548508,52.354738420799855,57.50420744017536
2018-04-23,90.8367572048344,55.00585907806985,62.43058169626685
2018-04-24,90.4005055383039,54.80669639225574,61.84558345975923
2018-04-25,90.00312057868352,45.25791684241952,62.05763460996846
2018-04-26,90.64555740523119,49.34929432735916,62.03737855489046
2018-04-27,89.00956567960081,59.05247968951456,60.99556300712419
2018-04-28,90.08025855397497,50.97889974859074,61.25607289180724
2018-04-29,89.80696095837625,53.250207888916094,59.444199792138036
2018-04-30,89.350357397498,53.858429681412304,62.248676520377316
2018-05-01,89.40934409715173,45.03040887818596,60.65210755794044
2018-05-02,90.55782809076109,55.297910503659864,60.718175708467804
2018-05-03,87.51168633930477,51.27705517665983,60.70766392078053
2018-05-04,89.31234845219537,48.7052436957122,62.31962435923264
2018-05-05,90.27583905048114,47.692205199158074,63.28605244487437
2018-05-06,89.72111066415499,50.65112111148372,60.20112613236938
2018-05-07,90.38575297062546,58.041116236826745,59.16412442545498
2018-05-08,90.0730601976324,49.4878630898789,62.82282154607926
2018-05-09,91.63646349435628,42.1125908647865,61.27867954427481
2018-05-10,90.01215507584601,49.5120427759863,58.963955325464276
2018-05-11,89.36279532776109,46.0745612540389,60.47272758861215
2018-05-12,92.10179926942583,43.53366975281344,57.92940457870064
2018-05-13,88.7028523368725,44.28409054431138,60.918192817015836
2018-05-14,87.60407205100528,42.501614008356164,59.948591685991396
2018-05-15,88.17528043836485,43.842501181199964,60.491440281968934
2018-05-16,88.70016852521977,55.613128370698945,60.00967410892881
2018-05-17,90.282216783631,41.90003347412619,64.15958310268073
2018-05-18,89.77813605163954,55.48762633636963,61.620242177560144
2018-05-19,89.69520816314557,43.446404843320664,62.56748624339083
2018-05-20,90.45416301280378,46.440085344856165,60.266885416123635
2018-05-21,88.56556016269182,40.726310604127995,59.91772067221511
2018-05-22,88.17881867290387,45.57431862059183,58.95346869315825
2018-05-23,88.13774745842711,50.12696282879753,61.51542475429207
2018-05-24,90.01757984672646,35.83831198207699,61.56395254352472
2018-05-25,86.6419820812187,39.50129553813132,62.02637985086373
2018-05-26,89.00934492977468,44.37338263492113,59.826581773540006
2018-05-27,90.71540087917231,37.509433733099115,56.832847091610354
2018-05-28,88.78390034526088,42.27992450254926,63.73964140131323
2018-05-29,89.64914741733737,44.643357142237896,64.53873607929431
2018-05-30,89.36838760615665,53.06143638010923,61.115571156539865
2018-05-31,90.74333619941666,39.73604030073072,60.35578915940741
2018-06-01,89.79209164995333,40.74169968904058,66.06317057574692
2018-06-02,89.1366786115426,45.97675857908921,60.85354771688099
2018-06-03,89.46760465633994,42.72489195864218,61.559796357451226
2018-06-04,87.45935019954997,41.791310914059395,59.75027103600448
2018-06-05,87.95207677856482,38.53243004556426,62.87665010736881
2018-06-06,87.23987928038618,33.642793808719325,57.561285489968434
2018-06-07,89.98528348414088,33.13177069032391,60.922891415828346
2018-06-08,87.52728162109302,32.454115463099505,61.37609225307732
2018-06-09,87.8777150692036,35.873457352938665,60.117559096815036
2018-06-10,86.80573706196847,36.83237811765566,62.820156971022904
2018-06-11,88.88191011144686,33.68960250222072,58.44732102118043
2018-06-12,87.93354766281439,32.74440562884017,61.73071819961359
2018-06-13,88.84577546791621,39.07979780517159,60.52505453475948
2018-06-14,88.46537629984181,33.66849496514542,61.39791933485767
2018-06-15,89.85012192499694,37.19881747663555,60.357570486871154
2018-06-16,87.68173782353627,39.01255117145785,62.56964854529894
2018-06-17,88.68317312200806,30.17186902597234,64.77622555729398
2018-06-18,89.21194739532561,26.400999951207893,61.156675618867666
2018-06-19,87.98891646076788,32.911982039826704,59.74212075493141
2018-06-20,87.16045451647902,28.281426430428443,62.20625765801446
2018-06-21,88.50092039942433,35.826489921588404,62.37961685651221
2018-06-22,87.70370469029797,35.630371085045,64.99560011760377
2018-06-23,87.00167738127763,34.35754567498818,59.10560563969655
2018-06-24,87.94836400472802,34.18170513519018,61.272945724436006
2018-06-25,87.22157642226034,31.49228501520066,59.74370786800603
2018-06-26,88.18738602584965,28.164411985111414,63.38684488114897
2018-06-27,89.052998975741,33.586599056345975,59.24216152389727
2018-06-28,87.46110305070322,32.54030032540845,60.13800381369629
2018-06-29,86.75359264894584,32.596443730283205,61.55704400026226
2018-06-30,87.78460926775952,25.251191202747485,63.5868991105479
2018-07-01,85.80904263812988,40.50683435478839,64.62843725329796
2018-07-02,87.05802353089301,34.36807927581592,64.48502307105053
2018-07-03,88.22348031171194,37.76397215869873,62.9871518364632
2018-07-04,87.92664774826552,31.493486632637506,61.98442598418571
2018-07-05,87.03519326062283,31.71807612239811,56.85470834314909
2018-07-06,87.55509942502681,28.93420653718808,61.20575141358482
2018-07-07,87.88173370099786,28.94573549261652,65.57007893008398
2018-07-08,86.19785470778992,32.73718863147927,61.53359113366302
2018-07-09,85.56147474003484,37.93384317786446,61.27941615859171
2018-07-10,86.30553111737602,35.6498548994334,59.05692507914401
2018-07-11,85.17003712801933,26.525439071177885,64.03250483643775
2018-07-12,86.54437907785642,21.77301554825538,60.40728409016312
2018-07-13,86.4439398339133,34.40913081795892,59.34352052626644
2018-07-14,85.82017967577607,31.002032361530574,62.98260247013104
2018-07-15,86.95561591168699,22.208091772116482,62.12779230163047
2018-07-16,85.69268586477338,30.872660874107464,63.95554384235127
2018-07-17,86.3837644447646,34.35431844515495,62.05266657044248
2018-07-18,86.71083692779811,39.1936328475045,58.62491956628257
2018-07-19,86.38894014503391,30.918925642130723,59.423649649014955
2018-07-20,88.22110788655436,27.066166611575586,56.79663572049944
2018-07-21,87.5742532021291,36.64362776237072,56.51193028083379
2018-07-22,87.08599322840944,28.971780077924354,61.4189800277989
2018-07-23,86.9532218359127,28.529585299054652,62.304005731553616
2018-07-24,85.95434468126014,31.500789598645568,61.33724647567131
2018-07-25,87.61024392726141,29.88384432194166,62.05646121224768
2018-07-26,85.224254736673,21.68087603011779,63.30120315457932
2018-07-27,85.11004952483685,36.4621096607463,62.620459300571426
2018-07-28,85.17103975201984,26.97744420053197,60.915771025567395
2018-07-29,87.10255408325212,37.89986480800172,63.879253641143634
2018-07-30,86.42775898282095,23.5691426372871,58.372158270775515
2018-07-31,84.64573559689747,32.62820987902104,62.19670919316143
2018-08-01,84.52108430453276,33.067114202264314,60.982943686139556
2018-08-02,84.07977910909067,31.89713780471596,61.92418664005378
2018-08-03,84.28207194964146,30.578139418845645,61.74727124404082
2018-08-04,85.7380666487913,37.90652244638426,59.49106910726452
2018-08-05,85.3486286620859,32.095421909175556,59.64302401711572
2018-08-06,86.04224141051273,26.253360350017523,60.11187979931626
2018-08-07,84.85542298372462,26.084403997678816,59.55474966534278
2018-08-08,83.4584596790702,35.017598555283016,61.88866155159375
2018-08-09,85.01618179322206,35.81187989706703,66.11586012465702
2018-08-10,83.61211439109779,23.79868536130563,59.31369716134347
2018-08-11,83.85203440070151,29.35530841209813,57.51287617734023
2018-08-12,84.7246968025231,24.811482929759563,64.90306334184899
2018-08-13,83.51353047827975,40.6930113122966,63.695355755805686
2018-08-14,84.32316261337871,24.896990620186262,61.88806515446561
2018-08-15,84.62983635541995,34.38380115794074,60.68663000735071
2018-08-16,83.78574857866595,18.95197762410528,63.018749380258335
2018-08-17,83.30640374259822,32.52622661059896,65.29027177311144
2018-08-18,85.53610772421516,33.6075638768807,61.923560369278015
2018-08-19,84.74900967037148,28.48858119885648,58.70936957902064
2018-08-20,83.41609047151017,25.994294891034826,61.808334019579995
2018-08-21,84.21782614253435,26.363832081618302,59.945098407420694
2018-08-22,83.42869934074976,34.95392688631002,61.12479732505406
2018-08-23,83.69600001561157,35.24272630691965,61.03731179638643
2018-08-24,85.4735853848638,28.350690536027315,60.7022749922498
2018-08-25,85.43829642278335,31.186705911851092,60.06333015658082
2018-08-26,84.30637708596153,26.865632525832552,58.39867167502565
2018-08-27,83.51880363198745,31.729916919465627,61.88350949898756
2018-08-28,81.4067481405051,30.604199219863187,63.388056653318394
2018-08-29,83.20754607569586,28.65096935911756,63.641368169706006
2018-08-30,84.73846033693484,22.67192695907562,61.32187110858067
2018-08-31,86.0224385624732,33.353994207342296,64.07491340191147
2018-09-01,84.51514653127207,35.63159976593202,61.77888319340232
2018-09-02,82.92238403362667,29.35784597206786,61.34614168850554
2018-09-03,85.01556912208666,37.979023032562864,61.013102448064004
2018-09-04,85.8120562046398,25.483742688407332,59.96084623287764
2018-09-05,83.131711843564,27.582141014574983,57.900255978385026
2018-09-06,84.06644821503114,34.91202365116477,61.05428082399099
2018-09-07,82.25094577457479,28.859992587088257,60.49134871522632
2018-09-08,83.77088826639263,21.616601273192238,60.3317164982273
2018-09-09,84.38965709915902,35.67296489347901,61.91459951716165
2018-09-10,83.90363316904545,33.2872142110641,61.19059487031427
2018-09-11,82.8567394648527,27.31054848304671,64.6153561140849
2018-09-12,84.30459341329893,34.365978840481304,59.80833797632299
2018-09-13,83.2224164799678,35.41952789339377,62.571436709747765
2018-09-14,84.49376875732251,25.04480910417177,60.24710906740523
2018-09-15,84.54391827408926,37.47392440316152,60.01411534657933
2018-09-16,81.22991465216055,35.18614202456227,62.604971016510085
2018-09-17,82.53515589007898,37.729598758782416,58.71236541730718
2018-09-18,82.33172846893189,27.971039000402037,66.407575391629
2018-09-19,83.48646235088344,35.94849353303544,59.09816169721219
2018-09-20,83.88555042897828,33.027591465388255,59.117797625425474
2018-09-21,83.60017822195883,42.80674100961617,59.77710573104721
2018-09-22,83.38111834756009,34.383334842201755,61.509660520050225
2018-09-23,82.36379529656702,43.65309976946438,58.53078950937303
2018-09-24,85.72278587611656,39.447829792698016,62.93503262070907
2018-09-25,83.48069610989947,35.00418031061079,60.64360627501617
2018-09-26,83.50877134078839,34.54423777841573,58.90535451275812
2018-09-27,83.15045408022377,47.18372279281341,61.79066313248939
2018-09-28,83.70345355990558,43.458545362443175,63.580797598282764
2018-09-29,86.52675503744716,35.2308941854618,60.28661672064428
2018-09-30,82.54601822340179,46.41517144116742,61.94674096633418
2018-10-01,82.89607113743939,44.36312915873641,63.59633327324552
2018-10-02,81.85467144210241,29.83834763628263,59.96332374543585
2018-10-03,84.18408391331121,43.43520745901544,62.34589309862764
2018-10-04,83.91389384322977,38.13527353068004,62.22227783616563
2018-10-05,84.74747552278676,44.23037523254377,65.29153133940498
2018-10-06,82.34150321794995,46.892015495466836,59.94741408013515
2018-10-07,82.15759351723872,46.66719434490316,62.41586676058187
2018-10-08,84.15612047594325,44.54513535019367,64.05079975776484
2018-10-09,83.08506119819702,39.12720929615067,61.92043236343972
2018-10-10,83.27360145301283,42.33059832696056,61.65070542976734
2018-10-11,84.29891299670085,50.373441733854285,58.36475881389932
2018-10-12,84.00923708591613,39.17705161105505,61.89787321706049
2018-10-13,84.7044000311899,42.91545833280808,59.46169092728318
2018-10-14,84.77090026144977,43.34536798743367,61.614246348681114
2018-10-15,84.88642304122558,49.940845571479954,61.50433671313709
2018-10-16,85.50772770127276,48.229597296640286,58.0781611844399
2018-10-17,86.65033201345098,43.432547083307995,61.77175027618352
2018-10-18,85.69500808919801,49.874571274984305,65.44995462982047
2018-10-19,85.1676516104585,45.109917587809846,61.53309435370654
2018-10-20,84.60937350791517,47.44009279081747,64.41550420197265
2018-10-21,84.5396977622483,50.467080015987065,59.85058160466643
2018-10-22,83.30469715414905,43.40464847569655,58.93249524371744
2018-10-23,85.37126913023322,36.42428019353055,60.556965013875846
2018-10-24,85.09346980592218,51.87528075194093,63.87435416912304
2018-10-25,84.4475565023564,43.510821578737435,58.73136813549276
2018-10-26,84.51860265113612,41.74682386715353,61.8637341694564
2018-10-27,85.12444413055816,43.473441176905034,64.17410335602028
2018-10-28,85.72410749039379,42.69684340370512,63.194259795341424
2018-10-29,86.0161338775983,52.67593859551343,61.68010679505582
2018-10-30,84.87065678318473,52.81954672304337,60.88671790845969
2018-10-31,86.74829879694119,53.826965069108915,59.66047976991609
2018-11-01,85.27213461161817,52.44398142653928,60.18716761471132
2018-11-02,85.97508109700279,51.105280722811976,61.55157857002974
2018-11-03,84.52157184454988,49.432547175812545,63.70627588356691
2018-11-04,86.90550057139608,51.55418846591087,60.08141211337243
2018-11-05,86.05368201965739,52.1613902466563,60.64138256540022
2018-11-06,86.48660518141703,48.54983367857287,61.41116220886354
2018-11-07,87.12936082833617,52.40712555277889,63.09543823616562
2018-11-08,84.76783486368491,44.77778068618007,64.91493596877918
2018-11-09,85.04026366755143,52.270927743848176,62.432667736766746
2018-11-10,87.8571082441097,53.36644476246464,56.96460840277216
2018-11-11,86.44110696004613,54.045995967660176,60.625687651785874
2018-11-12,85.42452403535276,52.88498087281455,59.29975154260577
2018-11-13,85.14538120903171,54.08643655012338,59.77207775609064
2018-11-14,88.02042505713399,46.185741451854675,62.863881019268334
2018-11-15,86.88631133608087,60.76908712055163,62.206809487276075
2018-11-16,87.29841794097804,48.931718435609895,60.74494151912272
2018-11-17,86.19823016561791,57.45644023987017,59.33015549017805
2018-11-18,86.33123529644531,61.44546156659436,59.31948898611705
2018-11-19,88.2635448575451,59.906049044835,59.63487874972075
2018-11-20,86.59721524783687,45.97816550685614,63.37854071900716
2018-11-21,86.33046713767864,50.80395210876129,60.23553117630048
2018-11-22,87.23934801054719,47.215958862075915,62.239476159789966
2018-11-23,87.78554460718432,55.686962017041225,62.048348807404054
2018-11-24,87.6434232095827,59.88452734316641,59.912362537680735
2018-11-25,85.76078468169547,49.320000875605054,64.07095037316147
2018-11-26,87.00311020698297,62.30042021734092,57.04700385447568
2018-11-27,85.31763397312012,57.668652784127026,62.858534081217904
2018-11-28,88.15733555486652,62.29232688219339,58.16408164597568
2018-11-29,87.58685423842951,55.98121039681453,59.26949851963639
2018-11-30,89.04398826329258,59.739852283656006,58.58794092443402
2018-12-01,86.53819153630641,59.15648912760109,59.560362746173716
2018-12-02,87.73236046450569,56.326846322242304,61.28413214748509
2018-12-03,89.22085961309655,61.110713204126895,59.23543561981484
2018-12-04,87.58238166559617,63.57627795752295,59.79369136683045
2018-12-05,86.99186945139928,69.41182188291535,60.184667780103844
2018-12-06,89.33577068855115,57.67544818572383,57.64378583138749
2018-12-07,86.5788334188288,58.575303277987935,63.86292813781994
2018-12-08,87.47131409609354,65.03652806838642,59.187360129874264
2018-12-09,86.91755708797642,63.00525621126633,61.50140979817648
2018-12-10,88.4930974755097,62.87718274872981,62.913332870652944
2018-12-11,87.97921642521843,68.13704884012687,59.57183692924525
2018-12-12,88.83668065133028,67.10160894536224,58.89817495472814
2018-12-13,88.65111212003028,57.75946427316159,61.492091276925095
2018-12-14,89.97406868464832,65.6213542158681,62.60649792539316
2018-12-15,88.85052337765633,48.27798188916082,62.27562979434699
2018-12-16,91.45978179783124,63.70038793199302,60.372676035537275
2018-12-17,88.66858659955723,49.80907927374947,63.298218714735945
2018-12-18,91.46206863011938,66.40777367860957,59.92788733144812
2018-12-19,89.05688999094586,68.3981410312038,62.26187380295778
2018-12-20,90.45477144163446,61.476394840790384,62.02710277595632
2018-12-21,90.05669473298624,62.70861676467931,59.17793090897374
2018-12-22,90.0014220261694,60.889643163988055,61.06343629945589
2018-12-23,91.00806090819482,60.23830563976205,62.35873678101837
2018-12-24,91.65684612084718,71.52369157737425,59.64125955346322
2018-12-25,91.47276429263819,70.21011766228135,61.078419123071185
2018-12-26,91.02245480231517,61.44755342142776,62.40012267668545
2018-12-27,90.22392095287884,71.72771747822482,61.43661467347045
2018-12-28,89.40792880574524,69.83135280319648,62.78452628701605
2018-12-29,89.48818846387545,64.05609077332286,59.52325034629881
2018-12-30,91.35726031483792,70.7325723948149,61.71076139725464
2018-12-31,91.188076242454,63.28541708582751,63.467618730723046
2019-01-01,90.97693387993698,66.03870305458723,61.85809027683431
2019-01-02,89.5272244922316,63.43979981493375,65.59206754428054
2019-01-03,91.13220766400748,66.41918824418336,63.95210524213533
2019-01-04,91.96301048250976,70.60399241299945,59.89962751293922
2019-01-05,91.79664605516595,62.81142330208351,61.42369495165899
2019-01-06,92.1491606678009,62.916834353906104,62.88226875578643
2019-01-07,91.93127880367759,66.39910054892505,58.5072827684951
2019-01-08,91.988402414274,67.05074793778923,60.84161621022606
2019-01-09,91.85933947417801,77.5378960715121,60.79049151674649
2019-01-10,92.77973641599962,61.153182718049905,60.91572519146685
2019-01-11,92.61610300416045,67.38084371613752,60.92720237048317
2019-01-12,92.576409801998,65.53949419740806,59.44091414402626
2019-01-13,92.13243243886537,71.31021625067342,63.70702352504527
2019-01-14,91.60773224633327,69.6907239804307,56.931665505947684
2019-01-15,92.30359056158302,68.27282441014896,59.11168504351074
2019-01-16,91.05058347618451,71.60564811741008,61.04879761023017
2019-01-17,93.6210053979505,67.05432516239159,61.79145068908237
2019-01-18,91.52407464636902,69.7381722256394,62.496122803286
2019-01-19,92.42898878620281,56.8620027877361,57.924619146664114
2019-01-20,91.75090517586888,71.12426586957098,63.90625056288533
2019-01-21,91.61318612367405,67.9468982304172,59.56456596828419
2019-01-22,93.13381641897733,72.48727881144676,59.35180256427871
2019-01-23,94.28742680459398,73.65302238568856,62.285530467081635
2019-01-24,92.16400344788418,77.11674438170125,59.66752261868925
2019-01-25,94.60406589041214,76.53100061133068,62.98357079581949
2019-01-26,94.66555853976298,72.91110789909298,60.948174478215485
2019-01-27,93.92609449996333,66.59435572159325,63.46617566653815
2019-01-28,93.74496705654276,65.34489531171337,57.79342587133868
2019-01-29,93.43275503744282,69.8799387167302,62.08669095469014
2019-01-30,92.276383515185,72.63267435476666,63.476512230749265
2019-01-31,94.75452289509609,68.02329512351221,63.69099633367511
2019-02-01,95.01136989685841,70.89059070374716,59.5971247938677
2019-02-02,94.97605696533473,75.4791949744855,60.111732136692915
2019-02-03,95.21242395716192,74.8104397390508,60.420870349961305
2019-02-04,95.29281900664749,75.59994859650092,61.444921169175956
2019-02-05,95.69051424415686,74.14544852256064,62.44585089779901
2019-02-06,95.07192285498348,67.94107434466956,59.99823668262405
2019-02-07,94.7446958982689,68.79938991130074,65.15303360957023
2019-02-08,93.62469617143847,72.4424302896064,61.98980238957388
2019-02-09,94.93119226477423,72.46808381246828,64.36180413754673
2019-02-10,93.97578999293567,73.85991500598334,63.498446186001765
2019-02-11,95.58168692333408,69.92080054717165,62.317274745152766
2019-02-12,96.20178484022749,67.71235211222525,61.05403045737453
2019-02-13,95.3087541029893,74.73961996493198,57.92442069640766
2019-02-14,95.44396592344188,67.85652993416117,60.896643715670706
2019-02-15,97.92524106520787,68.73391046683533,60.492712073579405
2019-02-16,94.9157475478862,77.77367104998636,61.29969676166804
2019-02-17,95.29233607052866,73.89300855948632,60.07343542223025
2019-02-18,97.78587101146424,60.37328926924582,56.36673121179785
2019-02-19,95.5214477162048,69.55796862209927,56.57731273068577
2019-02-20,95.52417292138036,74.32591523676987,59.88720265556934
2019-02-21,96.05397203954668,76.14023520158325,58.74124661961864
2019-02-22,95.3144517278395,66.39159325094893,57.25986984779861
2019-02-23,96.31314529157216,65.44777695203749,59.76115706573623
2019-02-24,95.83697655505712,64.54658972997196,62.14012073939985
2019-02-25,96.92266416003648,66.27310779917478,61.98376348053853
2019-02-26,95.34090520907205,71.05131178349743,62.31287474651809
2019-02-27,95.48695737728562,72.01783634457789,61.65487898959796
2019-02-28,97.55089870051366,64.76387948212796,59.59903040705753
2019-03-01,96.64957438469703,76.40181899434,61.043368269862796
2019-03-02,95.02860157605234,64.8983879334814,61.777307314034005
2019-03-03,96.55627014008363,66.53585462756035,63.01408222831646
2019-03-04,96.02127274416982,70.39177261420421,62.04830299874332
2019-03-05,96.34167720509348,69.79680153251053,61.87511795706556
2019-03-06,95.80554734486857,65.55946356414658,60.220509530719774
2019-03-07,96.43238944578594,60.6119640326009,60.07515093252119
2019-03-08,96.93306905207766,65.00244718395388,61.02109698121427
2019-03-09,97.50238174833451,64.09177906026147,58.74837269875543
2019-03-10,97.36688747355275,76.2410096064001,59.85030891701146
2019-03-11,94.83626729422096,63.985927108902644,60.19335530478194
2019-03-12,96.36947663627578,61.54919391004114,59.958391039569406
2019-03-13,94.91039891113373,70.64517304760126,56.96608175621555
2019-03-14,97.4330277051265,56.619097789087206,61.07916729809418
2019-03-15,97.67299122963234,66.3045221410217,56.96728608070784
2019-03-16,98.09962476992925,73.51999374743183,57.99158209826465
2019-03-17,96.36162911040392,61.59746787311795,61.4016793606139
2019-03-18,96.14032309223164,63.08574387036988,62.172869373161205
2019-03-19,96.22500760858631,62.67008505198703,59.27558005830886
2019-03-20,97.38779693608586,66.25385521604291,60.63920450312915
2019-03-21,97.40041431648696,72.01230178790284,57.45501126651776
2019-03-22,96.02357469100217,69.29181986794214,64.9693722995105
2019-03-23,95.4650653620442,61.394250049009244,58.450681103731654
2019-03-24,97.42099587647954,58.69730848507192,57.84662151139994
2019-03-25,96.4808209384847,66.386075095041,57.074641475519
2019-03-26,96.42774120027184,63.711411999372615,61.135526358554245
2019-03-27,96.88812399440573,65.22547492938534,60.57692870867744
2019-03-28,97.90113605141703,66.2958792491977,61.09797203958317
2019-03-29,95.946705799552,57.23289214417073,58.93640173557168
2019-03-30,97.46149735140204,61.52598666036601,59.67154842582295
2019-03-31,98.26809433216869,59.84352044551091,61.07699040963386
2019-04-01,97.21697209763953,51.587396874196585,60.00836168111818
2019-04-02,97.94638302163118,55.662243366947195,58.37931979261526
2019-04-03,98.02543179084302,60.85534436998566,64.04380714372594
2019-04-04,97.2943924962285,63.02055319985095,60.404625971326865
2019-04-05,98.93291558239584,56.108273686400416,58.00887847070642
2019-04-06,97.60329155423597,62.55445207625023,60.26610429519182
2019-04-07,96.99077022790836,67.56408906527788,61.921387978345656
2019-04-08,97.00348461004184,63.27415517968894,60.496066121829024
2019-04-09,97.40801442449265,58.53391313672456,58.78166712871528
2019-04-10,97.77579189268238,55.377526628617524,58.6354123281884
2019-04-11,96.35092550651783,57.17766061404484,59.411299769446046
2019-04-12,97.51713536692094,59.31432514349212,57.17390995989792
2019-04-13,95.79916701476343,68.2250437947551,59.31568893922278
2019-04-14,97.7248277495247,52.8072869828485,62.695452252122145
2019-04-15,98.42902530529658,56.41442076912005,57.69127349227833
2019-04-16,98.90291539493991,57.595933282630355,59.93761465526542
2019-04-17,97.66241942438616,49.12679340806724,60.368281007033595
2019-04-18,98.20227873352658,59.97814375109338,59.80020029204469
2019-04-19,98.01215472786267,64.9741825551795,62.96983768311065
2019-04-20,97.63110467172162,55.14684441891197,56.10640411123758
2019-04-21,97.39415380563881,49.55226188582171,61.091771324283236
2019-04-22,98.46845702895855,65.54992858409987,58.88400534557602
2019-04-23,99.71490525460457,58.41185062767009,58.93485514025106
2019-04-24,98.10732340197552,55.339389683066095,57.52218356623479
2019-04-25,99.05157837395062,55.70466588651154,60.99567105053976
2019-04-26,98.72703266313403,61.07759105131371,60.72875360747612
2019-04-27,97.68488562492284,54.8458082831416,64.42555722358355
2019-04-28,96.77316671590242,60.82670329129536,61.44081710738741
2019-04-29,98.68238476880792,54.55014464860724,63.72528676331223
2019-04-30,99.06141193586437,51.20260246902051,63.32689378540815
2019-05-01,95.37838794811903,63.894035049788535,64.08609700271379
2019-05-02,96.85960550574033,51.84106548986557,59.47658081084635
2019-05-03,95.8001040174315,39.38841059402694,59.99774462011343
2019-05-04,98.09153385173161,52.39049019840007,62.80270011745604
2019-05-05,96.83600094232476,53.09057935654344,59.51744291642069
2019-05-06,97.20372286947571,47.71454297226813,60.42245165435205
2019-05-07,99.16905156435192,47.05048564752168,57.626677625167936
2019-05-08,96.75103728056625,40.46135616429959,63.47246448741106
2019-05-09,96.49806587450975,42.35691035807242,60.23153768206191
2019-05-10,97.29620255695723,39.87141419749082,62.810104593988676
2019-05-11,96.04447443606708,54.45408844494039,60.890112447562196
2019-05-12,97.44880929714857,42.22052691605961,59.91767071003968
2019-05-13,97.18516764955609,42.005935169594075,58.31728349296289
2019-05-14,96.28642919047093,44.254069962927964,58.943109172221924
2019-05-15,95.2269679530821,54.21914941094863,57.78279016236789
2019-05-16,96.8543378790576,54.95863152023989,58.41221382861996
2019-05-17,96.8080294437097,46.24939917041813,58.97257379057974
2019-05-18,97.66242362623221,44.474919201511796,63.12306170998343
2019-05-19,96.70611796973192,44.08917142594792,57.707729579349895
2019-05-20,97.63187592683639,40.553628111740466,58.931943268435305
2019-05-21,96.64929743124517,42.16221442517039,57.95452416940901
2019-05-22,97.3574869713201,39.881076809019014,61.538136074806395
2019-05-23,96.56926557163149,47.62771287959128,61.73920751047459
2019-05-24,97.01673222729329,44.42124959705021,61.32108525956432
2019-05-25,94.4235696491814,33.92294136738293,61.977050591834654
2019-05-26,98.71942880125371,46.806903974258304,58.37955161490545
2019-05-27,93.88671921099993,35.214412280288315,62.90599677025177
2019-05-28,94.97375150999272,36.372033879933774,60.35576363492963
2019-05-29,96.21480605411831,42.89861924436138,59.38350331015936
2019-05-30,95.67988042899137,39.202015892038574,60.326572324497455
2019-05-31,96.4212079871656,49.37525240517661,61.47839955910065
2019-06-01,95.93774896990186,41.77722917065922,58.91038533396436
2019-06-02,96.34075565319883,50.03868922959562,58.23221429241767
2019-06-03,94.31412308240692,50.976614647738735,62.49673727386705
2019-06-04,96.74216682235374,46.784226884776324,60.74303549625209
2019-06-05,95.50619510270752,31.548367282233514,59.060339547381865
2019-06-06,94.77201329295812,44.478573589123805,60.111117159889844
2019-06-07,95.96336370850503,51.66939414647009,62.84597858637761
2019-06-08,94.9998369660306,29.146845575516686,61.73191305182985
2019-06-09,94.80785270344128,37.07000834996079,58.868281673335254
2019-06-10,95.40230194578251,30.78345777499913,59.09871120983758
2019-06-11,96.15924564736653,29.041321915562726,59.36732118061216
2019-06-12,95.62583661520083,32.20878203015337,59.60005718995291
2019-06-13,94.61727745485742,32.692866329499786,61.10922285006013
2019-06-14,94.33541317043914,37.06192748971816,61.784448934479926
2019-06-15,94.44291855101972,30.424602657929608,63.347376693566815
2019-06-16,96.364791988667,32.871126899672916,60.03988618583268
2019-06-17,95.21061904351204,42.545640338676456,63.06204923212544
2019-06-18,94.98614861880989,37.076056275817955,64.45157189475906
2019-06-19,97.32739424163101,39.27758421719001,61.282612130284754
2019-06-20,94.31331963763759,35.26663069311686,60.68195768631228
2019-06-21,96.10757920336076,32.57134740183369,62.28521329078181
2019-06-22,95.89584945658645,26.49465792797444,60.667795301031305
2019-06-23,95.05662118604663,26.083177155134734,59.827283623187945
2019-06-24,93.62781196172591,29.210567014908563,59.18177314568942
2019-06-25,95.88391297912074,28.044133530034223,58.8417848093978
2019-06-26,96.26139081018279,40.41714399500699,60.72110374825657
2019-06-27,94.89860708658253,30.837617420723387,59.460450750948894
2019-06-28,94.05121423346728,36.18375923738176,57.187787881255076
2019-06-29,92.08195745052001,31.7895803969614,59.4911004500937
2019-06-30,92.8338442346595,36.21864753428581,61.494949848507794
2019-07-01,93.00847176441626,29.464815619700317,59.847546684613185
2019-07-02,95.66028326919532,30.834777347386538,60.50697000323082
2019-07-03,94.83464591542028,36.550106026207565,60.79415804261257
2019-07-04,93.24622422739768,17.20656327923779,64.15082491724212
2019-07-05,94.27974539086608,35.178226930539324,61.14191138549072
2019-07-06,95.16564486124935,32.665962628007165,63.67595770188185
2019-07-07,93.7929760086146,26.727361409324892,60.6763266747196
2019-07-08,94.6312150605144,36.59112022236019,56.72431100507108
2019-07-09,93.10512596716089,35.242165198510676,58.94589591100017
2019-07-10,93.38196210339541,30.404641235837033,61.38573410638887
2019-07-11,93.19365142680252,36.25679131865832,60.621567147547594
2019-07-12,91.53643274829321,29.8311740023479,60.475366842450875
2019-07-13,92.76154965230755,34.07312885004364,60.86854170453476
2019-07-14,93.37336720943658,33.022860381884165,61.932710001616115
2019-07-15,93.52757084097858,31.030941979231578,62.92532271780661
2019-07-16,95.15642365157525,32.709724311416274,60.196345978231165
2019-07-17,93.94223749721411,35.52533765311555,60.88854300494457
2019-07-18,92.59412812082508,37.487062898644936,59.616445652692306
2019-07-19,93.58885478703051,29.12844455204148,60.2632060480307
2019-07-20,93.82653374998367,28.245257357871775,61.80142472451065
2019-07-21,93.96547053192785,25.71441443114159,59.44127565601957
2019-07-22,92.62341563959404,33.486397729686175,58.9434911529856
2019-07-23,94.24715175016752,30.59138440379624,61.95246986096494
2019-07-24,93.4852480900121,38.99718209433125,63.905012963971465
2019-07-25,93.22680261093412,33.26614372534675,60.96324260750273
2019-07-26,92.24962677300235,29.922271953079914,57.87212384692346
2019-07-27,92.69208385989947,32.89670160093008,60.47680806569577
2019-07-28,91.43036522564047,21.655599396430087,59.390789177223134
2019-07-29,92.81002938478915,33.18736233940756,63.56759727160883
2019-07-30,94.56505217223354,31.77924208801103,60.13775694384214
2019-07-31,91.7385365901399,29.257598523749113,61.85095060524181
2019-08-01,92.7803584647754,29.790743213581614,61.024251962194874
2019-08-02,92.95228929014371,32.20629018366383,61.05406223641925
2019-08-03,92.19663659708759,28.40223049713561,60.87275685704926
2019-08-04,92.68607019038564,33.87658917751573,60.74780933567224
2019-08-05,90.95819301734191,33.406889414736234,57.92505093799464
2019-08-06,93.19166547642642,22.566468152496316,58.52661257530434
2019-08-07,90.6851377103534,29.962834748127978,59.87579942318159
2019-08-08,92.65085332148459,28.47208007115947,63.33339040846239
2019-08-09,89.8646977161968,31.54107086707377,63.413563882839036
2019-08-10,92.32681273058728,26.79169468390384,56.89487025640213
2019-08-11,91.19839177891751,26.409203415834035,61.87664884104786
2019-08-12,93.21668740146954,28.273508497543265,60.71485435558771
2019-08-13,92.70042382039986,18.29585904982207,62.38099922371269
2019-08-14,91.57213745034792,39.215260016683004,56.05937286485093
2019-08-15,92.54677247541096,31.203761987871705,60.29109724825579
2019-08-16,90.4213811120777,31.185317747888778,62.001277482827206
2019-08-17,90.43073268560076,38.57186977034095,58.22701477506735
2019-08-18,92.12484301540302,32.41367730387698,62.96480722628257
2019-08-19,91.28070947128099,33.77445651666311,61.52743900318159
2019-08-20,91.82753375907076,41.840329538840535,59.67337289138882
2019-08-21,90.9437192944708,30.31972334748757,63.5472834190862
2019-08-22,94.04138220488082,42.87658080591092,57.731324640445536
2019-08-23,91.23579052559911,41.84188104936479,60.22540635154806
2019-08-24,91.26491937758418,29.815854080057957,64.14564631242777
2019-08-25,91.87673831148196,32.31903715952732,63.36107836548281
2019-08-26,91.72195501473766,33.05140533507205,61.27421946408533
2019-08-27,90.1156607078839,21.445675513418117,62.43040463964732
2019-08-28,93.42315146116903,27.91094175326305,61.54643745246295
2019-08-29,91.91523711622723,32.85357161755006,63.19625240667099
2019-08-30,92.46046486099938,28.959018929104396,63.02537546883944
2019-08-31,91.95905145268921,37.787566173274,61.215775833221485
2019-09-01,89.08561286503023,33.91834862960457,59.41337102435185
2019-09-02,93.27124816685051,27.685767932131295,60.21300264699952
2019-09-03,91.35970478303152,41.283320106156935,59.09721647996325
2019-09-04,92.09344450715125,26.91975223956983,60.376432554736716
2019-09-05,91.94369079919655,28.545338732569483,61.77262955088924
2019-09-06,91.33405455915019,34.43382652825709,63.124433364991695
2019-09-07,91.76442958370632,29.65506259834575,61.32535255072822
2019-09-08,89.36772143825968,31.874100236449753,64.40745690357664
2019-09-09,91.7077617106715,31.13010766641729,62.915249488330204
2019-09-10,91.18681937131801,31.73520856703848,59.80661584815254
2019-09-11,90.94166395375191,31.51211052154448,59.63831062969429
2019-09-12,88.53887379695325,37.88606382094813,61.20724439043989
2019-09-13,92.6232240509169,35.24485297530718,61.39223226406979
2019-09-14,91.24498225624838,36.32234880894971,60.29851533439381
2019-09-15,90.5237750423633,36.4420776893073,60.457340962219355
2019-09-16,91.77863017669296,49.80686817624453,59.55842767080546
2019-09-17,90.5221224086231,27.58539821188907,61.678586029872676
2019-09-18,91.12835742381522,46.41075338152784,61.52488907455473
2019-09-19,90.7285531897731,42.98669478105609,58.80690370687941
2019-09-20,92.33020512252712,39.96793276064115,63.933921657985856
2019-09-21,90.47390413020548,39.263274031566425,60.655427120647715
2019-09-22,92.88333744513115,45.09871815350212,61.05057011843156
2019-09-23,91.77549772086255,44.975805963506595,62.129799300879775
2019-09-24,90.31701047620503,48.474450116248164,64.06715760919573
2019-09-25,91.2473795859644,35.81955600481837,59.29595881481504
2019-09-26,91.24430726885333,35.37977739773987,61.18708524362749
2019-09-27,90.94262716503654,38.603388102812495,62.15758713505293
2019-09-28,91.12709362336318,28.037747408524716,64.75663989781437
2019-09-29,90.92392851413415,41.51977027427838,57.1578913618379
2019-09-30,91.46286357109057,40.05720279420579,57.00441886312613
2019-10-01,91.32730454662739,46.55231791386245,63.0435478373062
2019-10-02,91.88366958246493,35.20958650498176,62.019655755799214
2019-10-03,92.02340263024779,35.98698392548552,59.965694458008684
2019-10-04,90.40433269967417,47.7068955635247,61.600280987672626
2019-10-05,91.8568108627503,45.64770684563613,63.13651924795348
2019-10-06,93.28369075303843,38.746355445879416,62.007824782544375
2019-10-07,90.90382475420948,29.64305548738019,62.04008800119722
2019-10-08,91.92884249134174,44.95393715518921,61.17790809551696
2019-10-09,90.77411164494528,36.91561368665599,62.20114089038438
2019-10-10,90.50513028058768,41.94694524393978,61.81114866982203
2019-10-11,91.19472196181216,40.22145178864407,64.79725664143726
2019-10-12,90.95663684896297,38.94555494766197,59.17121185140375
2019-10-13,91.0773058306114,45.76490969965712,62.52289494935332
2019-10-14,90.36065574891424,46.78731765412744,59.158537640171495
2019-10-15,90.25271619505693,47.22524661301709,61.78047336785666
2019-10-16,90.1696026807405,47.863707514815886,63.60203627130835
2019-10-17,91.05956014662674,55.51522333666316,59.11412533275451
2019-10-18,91.02385130529058,38.473239327908196,59.894984892760256
2019-10-19,91.86069636119204,47.01913248862067,59.65916358122042
2019-10-20,90.98329454699513,50.753206792352074,58.98722900138541
2019-10-21,93.6405565474109,57.14363996505981,61.05033462002512
2019-10-22,91.63865952888673,47.58949429930803,55.95877041188623
2019-10-23,91.0030801558675,47.44530922722335,57.78191417069628
2019-10-24,92.75565021651714,48.12734949739844,62.020347754153356
2019-10-25,91.26489371809639,47.21995102408155,58.37408569024428
2019-10-26,91.25354614714429,55.280311862788295,62.93134403293956
2019-10-27,91.54631471624285,54.16745767064516,59.38189092014489
2019-10-28,91.00611788006954,51.177594061278825,56.88850802517229
2019-10-29,92.8222304663385,49.9124740149906,59.36052095936407
2019-10-30,91.82169216315182,37.52382530890923,64.20702882085077
2019-10-31,91.57242980942954,59.61866078226135,59.751679751855434
2019-11-01,92.8873036576656,49.596126813062824,60.5458946172458
2019-11-02,92.42470000725679,46.35470843714948,62.68019668523134
2019-11-03,93.47579354398997,40.883817539645605,59.15085924777588
2019-11-04,92.37806216817637,44.60430734249442,60.43550871043214
2019-11-05,91.65389571561177,60.790526863721524,60.91417025574304
2019-11-06,92.63097468103899,39.255557644476504,60.3685526014421
2019-11-07,94.61497847533926,48.43947619855928,60.06957954633928
2019-11-08,93.93956917213109,58.3840508571637,62.751918098416624
2019-11-09,93.34092576868503,60.328672305112576,62.599611727828794
2019-11-10,93.25424196218408,56.323537603930035,61.0641173112203
2019-11-11,94.54872517342157,51.81707849029489,58.99398605775034
2019-11-12,93.87613717560357,43.56784149606929,58.02506099852202
2019-11-13,92.82277774302734,59.86805139999554,60.360122337536055
2019-11-14,94.09965506318072,51.49565064371535,57.94777835891366
2019-11-15,92.47318785683804,60.91264420576099,61.78103880282402
2019-11-16,94.51240347622206,52.40638113941322,61.83768762559042
2019-11-17,94.18918728021823,55.347517550850746,58.81936131861652
2019-11-18,94.01946743517301,48.27339672165804,60.05017728957594
2019-11-19,94.60359328314054,57.65188499062062,59.75339023148354
2019-11-20,94.01916073712076,62.930539720324845,61.95306836131478
2019-11-21,94.9419362282511,53.19828092894194,61.59070265233443
2019-11-22,97.13518912955345,55.55203729813856,58.452012860909505
2019-11-23,91.942332809291,45.68397542024454,58.61965940681467
2019-11-24,95.22013226110697,70.75438557337408,59.304633849732944
2019-11-25,94.61553667085447,65.57465224721257,60.94094749638423
2019-11-26,95.3634342336328,52.71197720693132,58.224224268426696
2019-11-27,96.46149526112669,67.10159920296928,60.78621439166542
2019-11-28,95.25570715499568,58.202398302227586,58.454341696941135
2019-11-29,93.33477975787281,57.81369066389408,59.91016804329459
2019-11-30,93.58024031117728,54.327031439709494,60.90916774463298
2019-12-01,95.81303318841356,55.16179400993781,60.595108631752055
2019-12-02,93.88149581689635,63.10830709304738,60.212731433356694
2019-12-03,94.9229658283953,63.884339256177725,60.89870820659484
2019-12-04,95.93084844892896,58.14483585427131,61.68690222188881
2019-12-05,95.75287250938418,65.73702650908285,59.9311963659125
2019-12-06,96.32564748240098,61.380447713116325,61.53262160513364
2019-12-07,94.70383054996125,58.00576127346139,61.62530542241205
2019-12-08,94.96986188571572,62.41627917471106,56.645692391615206
2019-12-09,94.2614690719319,66.61114488343773,61.21845176598312
2019-12-10,95.76904773972039,63.16770181008454,62.43011442219659
2019-12-11,95.37548480063971,65.2365043402119,62.21344653969421
2019-12-12,95.38090718508857,64.11128261978418,62.5345876107447
2019-12-13,97.57724560280221,59.553897183376336,60.81770405409287
2019-12-14,96.97017595587957,67.82238881769061,58.92163561767714
2019-12-15,95.02355189863134,58.078975239894,62.44311198750157
2019-12-16,96.42347957120006,57.912624151329034,60.17900154387359
2019-12-17,95.16916756722185,64.51106262189317,58.50091138949357
2019-12-18,96.23128643202237,65.69601153169764,63.59313334866306
2019-12-19,98.11246271067853,60.682590683226195,60.56286134381807
2019-12-20,97.49813943599375,60.12766661061433,58.980013053259064
2019-12-21,98.76421325378145,70.85058406435049,61.236527944465315
2019-12-22,97.57800694022282,65.10719606693972,60.04041159458485
2019-12-23,97.8583923694068,75.34754843220368,63.38244566924879
2019-12-24,98.88405826085987,65.17862815181523,57.752147419582705
2019-12-25,98.00181821151857,69.26066723580814,60.89360643725703
2019-12-26,97.0154498799678,63.09418838931616,57.79924574280413
2019-12-27,97.09979386222184,70.13062464518875,59.548342738625465
2019-12-28,98.79449353085774,62.3514191895128,60.797629865083046
2019-12-29,99.25630286823166,70.1360709901114,57.79589717003534
